category,text
"일체의번뇌경","[[ MN 2 ]]
[[ 모든-번뇌-경{sabbāsavasutta, 일체의 번뇌를 막는 가르침} ]]

이와 같이 나는 들었습니다

한때 세존께서는 싸왓티의 제따와나 아나타삔디까 승원에 머무셨습니다

그곳에서 세존께서 비구들이여라고 비구들을 불렀습니다

비구들은 존경하는 스승님하고 대답했습니다

세존께서 말씀하셨습니다

비구들이여 

그대들에게 모든 번뇌{āsava, 누}를 막는 방법을 알려주겠소

듣고 깊이 생각하도록 하시오 

내가 이야기하겠소

비구들은 그렇게 하겠습니다 세존이시여라고 대답했습니다

세존께서는 다음과 같이 말씀하셨습니다

비구들이여 

나는 알고 보아야 번뇌{āsava, 누}가 사라진다고 이야기한다오

알지 못하고 보지 못하면 번뇌{āsava, 누}는 사라지지 않는다오

비구들이여 

그러면 무엇을 알고 무엇을 보아야 번뇌{āsava, 누}가 사라지는가

이치에-맞는-생각{yoniso manasikāra, 여리작의}과 이치에-맞지-않는-생각{ayoniso manasikāra, 비여리작의}이 있다오

비구들이여 

이치에-맞지-않는-생각{ayoniso manasikāra, 비여리작의}을 하면 생기지 않은 번뇌{āsava, 누}들이 생기고 생긴 번뇌{āsava, 누}들이 커진다오

비구들이여 

이치에-맞는-생각{yoniso manasikāra, 여리작의}을 하면 생기지 않은 번뇌{āsava, 누}들은 생기지 않고 생긴 번뇌{āsava, 누}들은 사라진다오

비구들이여

보면{dassana, 바르게 봄} 사라지는 번뇌{āsava, 누}들이 있고

수호{saṃvara, 감각근 수호}하면 사라지는 번뇌{āsava, 누}들이 있고

지족{paṭisevanā, 수용과 이용}하면 사라지는 번뇌{āsava, 누}들이 있고

인내{adhivāsanā, 참음}하면 사라지는 번뇌{āsava, 누}들이 있고

멀리하면{parivajjanā, 회피} 사라지는 번뇌{āsava, 누}들이 있고

몰아내면{vinodanā, 제거} 사라지는 번뇌{āsava, 누}들이 있고

수습{bhāvanā, 닦아 익힘}하면 사라지는 번뇌{āsava, 누}들이 있다오

비구들이여 

보면{dassana, 바르게 봄} 사라지는 번뇌{āsava, 누}들은 어떤 것들인가

비구들이여 

거룩한-이{ariya, 성인}를 무시하고 거룩한-이{ariya, 성인}의 가르침을 이해하지 못하고 거룩한-이{ariya, 성인}의 가르침에서 배우지 못하고 참사람{sappurisa, 선한 사람}을 무시하고 참사람{sappurisa, 선한 사람}의 가르침을 이해하지 못하고 참사람{sappurisa, 선한 사람}의 가르침에서 배우지 못한 무지한-범부{puthujjana, 일반인}는 생각해야 할 법{dhamma, 가르침}들을 알지 못하고 생각해서는 안 될 법{dhamma, 가르침}들을 알지 못한다오

그는 생각해야 할 법{dhamma, 가르침}들을 알지 못하고 생각해서는 안 될 법{dhamma, 가르침}들을 알지 못하기 때문에 생각해서는 안 될 법{dhamma, 가르침}들을 생각하고 생각해야 할 법{dhamma, 가르침}들을 생각하지 않는다오

비구들이여 

생각해서는 안 될 법{dhamma, 가르침}들이지만 그가 생각하는 법{dhamma, 가르침}들은 어떤 것들인가

비구들이여 

그 법{dhamma, 가르침}들을 생각하면 그에게 아직 생기지 않은 감각적-욕망의-번뇌{kāmāsava, 욕루}가 생기고 이미 생긴 감각적-욕망의-번뇌{kāmāsava, 욕루}가 커지거나 

아직 생기지 않은 존재의-번뇌{bhavāsava, 유루}가 생기고 이미 생긴 존재의-번뇌{bhavāsava, 유루}가 커지거나 

아직 생기지 않은 무지의-번뇌{avijjāsava, 무명루}가 생기고 이미 생긴 무지의-번뇌{avijjāsava, 무명루}가 커지나니 

이것들이 생각해서는 안 될 법{dhamma, 가르침}들이지만 그가 생각하는 법{dhamma, 가르침}들이라오

비구들이여 

생각해야 하는 법{dhamma, 가르침}들이지만 그가 생각하지 않는 법{dhamma, 가르침}들은 어떤 것들인가

비구들이여 

그 법{dhamma, 가르침}들을 생각하면 아직 생기지 않은 감각적-욕망의-번뇌{kāmāsava, 욕루}는 생기지 않고 이미 생긴 감각적-욕망의-번뇌{kāmāsava, 욕루}는 소멸하거나 

아직 생기지 않은 존재의-번뇌{bhavāsava, 유루}는 생기지 않고 이미 생긴 존재의-번뇌{bhavāsava, 유루}는 소멸하거나 

아직 생기지 않은 무지의-번뇌{avijjāsava, 무명루}는 생기지 않고 이미 생긴 무지의-번뇌{avijjāsava, 무명루}는 소멸하나니 

이것들이 생각해야 하는 법{dhamma, 가르침}들이지만 그가 생각하지 않는 법{dhamma, 가르침}들이라오

무지한-범부{puthujjana, 일반인}는 생각해서는 안 될 법{dhamma, 가르침}들을 생각하고 생각해야 할 법{dhamma, 가르침}들을 생각하지 않기 때문에 생기지 않은 번뇌{āsava, 누}가 생기고 생긴 번뇌{āsava, 누}가 커진다오

무지한-범부{puthujjana, 일반인}는 다음과 같이 이치에-맞지-않는-생각{ayoniso manasikāra, 비여리작의}을 한다오

나는 진실로 과거세에 존재했을까 존재하지 않았을까 진실로 과거세에는 무엇이었을까 진실로 과거세에는 어떻게 지냈을까 나는 진실로 과거세에 무엇이 되어 무엇으로 존재했을까

나는 진실로 미래세에 존재하게 될까 존재하지 않게 될까 진실로 미래세에는 무엇이 될까 진실로 미래세에는 어떻게 지내게 될까 나는 진실로 미래세에 무엇이 되어 무엇으로 존재하게 될까

현실에서는 현세의 자신을 의심한다오

나는 진실로 존재하는가 존재하지 않는가 나는 진실로 무엇인가 나는 진실로 어떻게 지낼까 이 중생은 어디에서 와서 어디로 가게 될까

이와 같이 이치에-맞지-않는-생각{ayoniso manasikāra, 비여리작의}을 하기 때문에 그에게 여섯 가지 삿된-견해{micchādiṭṭhi, 잘못된 이해}들 가운데 하나의 견해가 생긴다오

나의 자아{attā}가 존재한다는 것은 진실이며 사실이다라는 견해가 생기거나 

나의 자아{attā}는 존재하지 않는다는 것은 진실이며 사실이다라는 견해가 생기거나 

내가 자아{attā}를 가지고 자아{attā}를 개념적으로 인식하는 것은 진실이며 사실이다라는 견해가 생기거나 

내가 자아{attā}를 가지고 무아{anattā, 자아없음}를 개념적으로 인식하는 것은 진실이며 사실이다라는 견해가 생기거나 

내가 무아{anattā, 자아없음}를 가지고 자아{attā}를 개념적으로 인식하는 것은 진실이며 사실이다라는 견해가 생긴다오

그뿐만 아니라 말하고 느끼고 여기저기에서 선악의-업{kamma, 행위}의 결실{vipāka, 과보}을 받는 나의 이 자아{attā}는 지속적이며 일정하며 영속적이며 불변하는 법{dhamma, 가르침}이며 영원히 그대로 머물 것이다라는 견해가 있게 된다오

비구들이여 

이것을 삿된-견해{micchādiṭṭhi, 잘못된 이해}에 빠짐 삿된-견해{micchādiṭṭhi, 잘못된 이해}를 붙잡음 삿된-견해{micchādiṭṭhi, 잘못된 이해}의 황무지 삿된-견해{micchādiṭṭhi, 잘못된 이해}의 동요 삿된-견해{micchādiṭṭhi, 잘못된 이해}의 몸부림 삿된-견해{micchādiṭṭhi, 잘못된 이해}의 결박이라고 한다오

비구들이여 

나는 삿된-견해{micchādiṭṭhi, 잘못된 이해}의 결박에 묶인 무지한-범부{puthujjana, 일반인}는 태어남{jāti, 생} 늙음과-죽음{jarāmaraṇa, 노사} 근심 슬픔 고통 우울 불안이 있는 삶에서 벗어나지 못하며 괴로움{dukkha, 불만족과 고통}에서 벗어나지 못한다라고 말한다오

비구들이여 

거룩한-이{ariya, 성인}를 알고 거룩한-이{ariya, 성인}의 가르침을 이해하고 거룩한-이{ariya, 성인}의 가르침에서 배우고 참사람{sappurisa, 선한 사람}을 알고 참사람{sappurisa, 선한 사람}의 가르침을 이해하고 참사람{sappurisa, 선한 사람}의 가르침에서 배운 배움이-많은-거룩한-제자{sutavā ariyasāvaka, 다문성제자}는 생각해야 할 법{dhamma, 가르침}들을 알고 생각해서는 안 될 법{dhamma, 가르침}들을 안다오

그는 생각해야 할 법{dhamma, 가르침}들을 알고 생각해서는 안 될 법{dhamma, 가르침}들을 알기 때문에 생각해서는 안 될 법{dhamma, 가르침}들에 대하여 생각하지 않고 생각해야 할 법{dhamma, 가르침}들에 대하여 생각한다오

거룩한-제자{ariyasāvaka, 성제자}는 생각해서는 안 될 법{dhamma, 가르침}들은 생각하지 않고 생각해야 할 법{dhamma, 가르침}들을 생각하기 때문에 아직 생기지 않은 번뇌{āsava, 누}들은 생기지 않고 이미 생긴 번뇌{āsava, 누}들은 소멸한다오

거룩한-제자{ariyasāvaka, 성제자}는 이것은 괴로움{dukkha, 불만족과 고통}이다라고 이치에-맞는-생각{yoniso manasikāra, 여리작의}을 하고 

이것은 괴로움의-쌓임{samudaya, 괴로움의 원인}이다라고 이치에-맞는-생각{yoniso manasikāra, 여리작의}을 하고 

이것은 괴로움의-소멸{nirodha, 괴로움의 사라짐}이다라고 이치에-맞는-생각{yoniso manasikāra, 여리작의}을 하고 

이것은 괴로움의-소멸에-이르는-길{magga, 소멸의 경로}이다라고 이치에-맞는-생각{yoniso manasikāra, 여리작의}을 한다오

이와 같이 생각하면 그에게 세 가지 결박 즉 개별적-존재에-대한-견해{sakkāyadiṭṭhi, 유신견}와 의심{vicikicchā, 의} 그리고 계율과-의례에-대한-집착{sīlabbataparāmāsa, 계금취}이 소멸한다오

비구들이여 

이것들을 보면{dassana, 바르게 봄} 사라지는 번뇌{āsava, 누}라고 한다오

비구들이여 

수호{saṃvara, 감각근 수호}하면 사라지는 번뇌{āsava, 누}들은 어떤 것들인가

비구들이여 

비구는 이치에-맞는-생각{yoniso manasikāra, 여리작의}을 하여 수호해야 할 눈의-감각기관{cakkhundriya, 안근}을 수호하며 지내야 한다오

비구들이여 

수호해야 할 눈의-감각기관{cakkhundriya, 안근}을 수호하지 않고 지내면 그에게 고뇌가 뜨겁게 타오르는 번뇌{āsava, 누}들이 생기겠지만 이와 같이 수호해야 할 눈의-감각기관{cakkhundriya, 안근}을 수호하며 지내면 고뇌가 뜨겁게 타오르는 번뇌{āsava, 누}들이 존재하지 않을 것이오

귀의-감각기관{sotindriya, 이근} 코의-감각기관{ghānindriya, 비근} 혀의-감각기관{jivhindriya, 설근} 몸의-감각기관{kāyindriya, 신근} 마음의-감각기관{manindriya, 의근}에 대해서도 마찬가지라오

비구들이여 

이것들을 수호{saṃvara, 감각근 수호}하면 사라지는 번뇌{āsava, 누}라고 한다오

비구들이여 

지족{paṭisevanā, 수용과 이용}하면 사라지는 번뇌{āsava, 누}들은 어떤 것들인가

비구들이여 

비구는 이치에-맞는-생각{yoniso manasikāra, 여리작의}을 하여 옷에 지족해야 한다오 

추위와 더위를 막을 정도의 옷 등에 모기 바람 햇빛 뱀 등의 접촉을 막을 정도의 옷 치부를 가리는 정도의 옷에 지족해야 한다오

비구는 이치에-맞는-생각{yoniso manasikāra, 여리작의}을 하여 탁발 음식에 지족해야 한다오 

오락하지 말고 교만하지 말고 장식하지 말고 장엄하지 말고 이 몸을 유지하고 부양하고 피해를 막고 거룩한-삶{brahmacariya, 청정한 수행}에 도움을 주는 정도로 음식에 지족하고 나는 이전의 느낌은 없애고 새로운 느낌은 생기지 않게 하겠다 그러면 나에게 허물없는 삶과 평안이 있을 것이다라고 생각해야 한다오

비구는 이치에-맞는-생각{yoniso manasikāra, 여리작의}을 하여 처소{senāsana, 거처}에 지족해야 한다오 

추위와 더위를 막을 정도의 처소 등에 모기 바람 햇빛 뱀 등의 접촉을 막을 정도의 처소 계절에 따른 위험을 막아주고 홀로 선정{jhāna}을 즐길 수 있을 정도의 처소에 지족해야 한다오

비구는 이치에-맞는-생각{yoniso manasikāra, 여리작의}을 하여 환자를 치료할 의약품{bhesajja}에 지족해야 한다오 

이미 생긴 고통을 없애주고 고통 없는 최상의 상태에 이르게 하는 정도의 의약품{bhesajja}에 지족해야 한다오

비구들이여 

지족하지 않으면 그에게 고뇌가 뜨겁게 타오르는 번뇌{āsava, 누}들이 생기겠지만 이와 같이 지족하면 고뇌가 뜨겁게 타오르는 번뇌{āsava, 누}들이 존재하지 않을 것이오

비구들이여 

이것들을 지족{paṭisevanā, 수용과 이용}하면 사라지는 번뇌{āsava, 누}라고 한다오

비구들이여 

인내{adhivāsanā, 참음}하면 사라지는 번뇌{āsava, 누}들은 어떤 것들인가

비구들이여 

비구는 이치에-맞는-생각{yoniso manasikāra, 여리작의}을 하여 추위 더위 배고픔 굶주림 등에 모기 바람 햇빛 뱀 등의 접촉을 참아야 한다오

대화하는 가운데 비난받고 비방을 받을 때 날카롭고 거칠고 가혹하고 불쾌하고 즐겁지 않은 죽을 지경의 고통이 몸에 생길 때 참을성이 있어야 한다오

비구들이여 

인내하지 않으면 그에게 고뇌가 뜨겁게 타오르는 번뇌{āsava, 누}들이 생기겠지만 이와 같이 인내하면 고뇌가 뜨겁게 타오르는 번뇌{āsava, 누}들이 존재하지 않을 것이오

비구들이여 

이것들을 인내{adhivāsanā, 참음}하면 사라지는 번뇌{āsava, 누}라고 한다오

비구들이여 

멀리하면{parivajjanā, 회피} 사라지는 번뇌{āsava, 누}들은 어떤 것들인가

비구들이여 

비구는 이치에-맞는-생각{yoniso manasikāra, 여리작의}을 하여 사나운 코끼리 사나운 말 사나운 황소 사나운 개를 멀리해야 한다오 

뱀 그루터기 가시덤불 구덩이 절벽 오물 웅덩이 구정물 웅덩이를 멀리해야 한다오

이와 같은 앉을 자리가 아닌 곳에 앉거나 이와 같은 다닐 곳이 아닌 곳을 다니거나 이와 같은 사악한 친구를 사귀면 현명한 좋은-벗{kalyāṇamitta, 선한 벗}은 그를 타락한 상태에 있다고 판단할 것이니 비구는 앉을 자리가 아닌 곳 다닐 곳이 아닌 곳 사악한 친구를 이치에-맞는-생각{yoniso manasikāra, 여리작의}을 하여 멀리해야 한다오

비구들이여 

멀리하지 않으면 그에게 고뇌가 뜨겁게 타오르는 번뇌{āsava, 누}들이 생기겠지만 이와 같이 멀리하면 고뇌가 뜨겁게 타오르는 번뇌{āsava, 누}들이 존재하지 않을 것이오

비구들이여 

이것들을 멀리하면{parivajjanā, 회피} 사라지는 번뇌{āsava, 누}라고 한다오

비구들이여 

몰아내면{vinodanā, 제거} 사라지는 번뇌{āsava, 누}들은 어떤 것들인가

비구들이여 

비구는 이치에-맞는-생각{yoniso manasikāra, 여리작의}을 하여 이미 생긴 감각적-욕망에-대한-생각{kāmavitakka, 욕사유}과 성냄에-대한-생각{byāpādavitakka, 진사유}과 해침에-대한-생각{vihiṃsāvitakka, 해사유}을 용납하지 않고 단념하고 몰아내고 제거하고 비워야 한다오

이미 생긴 사악하고 좋지 못한 법{dhamma, 가르침}들을 용납하지 않고 단념하고 몰아내고 제거하고 비워야 한다오

비구들이여 

몰아내지 않으면 그에게 고뇌가 뜨겁게 타오르는 번뇌{āsava, 누}들이 생기겠지만 이와 같이 몰아내면 고뇌가 뜨겁게 타오르는 번뇌{āsava, 누}들이 존재하지 않을 것이오

비구들이여 

이것들을 몰아내면{vinodanā, 제거} 사라지는 번뇌{āsava, 누}라고 한다오

비구들이여 

수습{bhāvanā, 닦아 익힘}하면 사라지는 번뇌{āsava, 누}들은 어떤 것들인가

비구들이여 

비구는 이치에-맞는-생각{yoniso manasikāra, 여리작의}을 하여 멀리함{viveka, 원리}에 의지하고 욕망이-빛바램{virāga, 이욕}에 의지하고 소멸{nirodha}에 의지하고 마침내 버림{vossagga, 사리}에 회향하는 

주의집중-깨달음의-요소{satisambojjhaṅga, 염각지}

법-탐구-깨달음의-요소{dhammavicayasambojjhaṅga, 택법각지}

정진-깨달음의-요소{vīriyasambojjhaṅga, 정진각지}

기쁨-깨달음의-요소{pītisambojjhaṅga, 희각지}

고요함-깨달음의-요소{passaddhisambojjhaṅga, 경안각지}

삼매-깨달음의-요소{samādhisambojjhaṅga, 정각지}

평정-깨달음의-요소{upekkhasambojjhaṅga, 사각지}를 수습해야 한다오

비구들이여 

수습하지 않으면 그에게 고뇌가 뜨겁게 타오르는 번뇌{āsava, 누}들이 생기겠지만 이와 같이 수습하면 고뇌가 뜨겁게 타오르는 번뇌{āsava, 누}들이 존재하지 않을 것이오

비구들이여 

이것들을 수습{bhāvanā, 닦아 익힘}하면 사라지는 번뇌{āsava, 누}라고 한다오

비구들이여 

비구가 하면 사라지는 번뇌{āsava, 누}들을 보아서 끊고 수호{saṃvara, 감각근 수호}하면 사라지는 번뇌{āsava, 누}들을 수호하여 끊고 지족{paṭisevanā, 수용과 이용}하면 사라지는 번뇌{āsava, 누}들을 지족하여 끊고 인내{adhivāsanā, 참음}하면 사라지는 번뇌{āsava, 누}들을 인내하여 끊고 멀리하면{parivajjanā, 회피} 사라지는 번뇌{āsava, 누}들을 멀리하여 끊고 몰아내면{vinodanā, 제거} 사라지는 번뇌{āsava, 누}들을 몰아내서 끊고 수습{bhāvanā, 닦아 익힘}하면 사라지는 번뇌{āsava, 누}들을 닦아 익혀서 끊으면 

이 비구는 모든 번뇌{āsava, 누}를 막고 제어하고 지내며 갈애{taṇhā, 목마른 욕망}를 끊었으며 결박을 풀었으며 교만을 없앴으며 괴로움{dukkha, 불만족과 고통}을 끝냈다라고 한다오

이것이 세존께서 하신 말씀입니다 

그 비구들은 세존의 말씀에 만족하고 기뻐했습니다"
"무아경","[[ SN 22.59 ]]
[[ 무아의-특징-경{anattalakkhaṇasutta, 아낫따락카나숫타} ]]

세존께서 바라나시 근처 이시빠따나-미가다야{isipatana migadāya, 녹야원}에 머물고 계실 때 다섯-비구{pañca bhikkhū}에게 말씀하셨습니다

비구들이여 

물질{rūpūpādānakkhandha, 색}은 무아{anattā, 자아없음}이니라

비구들이여 

만약 물질{rūpūpādānakkhandha, 색}이 자아{attā}라면 이 물질{rūpūpādānakkhandha, 색}은 병들지 않을 것이며 

또한 나의 물질{rūpūpādānakkhandha, 색}은 이렇게 되어라 나의 물질{rūpūpādānakkhandha, 색}은 이렇게 되지 마라라고 할 수도 있을 것이다

그러나 비구들이여 

물질{rūpūpādānakkhandha, 색}은 자아{attā}가 아니기 때문에 병들기도 하고 

나의 물질{rūpūpādānakkhandha, 색}은 이렇게 되어라 나의 물질{rūpūpādānakkhandha, 색}은 이렇게 되지 마라라고 할 수도 없느니라

정신작용{vedanūpādānakkhandha, 수}도 무아{anattā, 자아없음}이니라

지각{saññūpādānakkhandha, 상}도 무아{anattā, 자아없음}이니라

형성{saṅkhārūpādānakkhandha, 행}도 무아{anattā, 자아없음}이니라

의식{viññāṇūpādānakkhandha, 식}도 무아{anattā, 자아없음}이니라

비구들이여 

어떻게 생각하느냐

물질{rūpūpādānakkhandha, 색}은 영원한가 무상{anicca, 항상하지 않음}한가

무상{anicca, 항상하지 않음}합니다 스님

무상{anicca, 항상하지 않음}한 것은 괴로움{dukkha, 불만족과 고통}인가 즐거움인가

괴로움{dukkha, 불만족과 고통}입니다 스님

무상{anicca, 항상하지 않음}하고 괴롭고 변하기 마련인 것을 

이것은 나의 것이다 이것은 나다 이것은 나의 자아{attā}다라고 여김이 옳은가

옳지 않습니다 스님

정신작용{vedanūpādānakkhandha, 수}도

지각{saññūpādānakkhandha, 상}도

형성{saṅkhārūpādānakkhandha, 행}도

의식{viññāṇūpādānakkhandha, 식}도

영원한가 무상{anicca, 항상하지 않음}한가

무상{anicca, 항상하지 않음}합니다 스님

무상{anicca, 항상하지 않음}한 것은 괴로움{dukkha, 불만족과 고통}인가 즐거움인가

괴로움{dukkha, 불만족과 고통}입니다 스님

무상{anicca, 항상하지 않음}하고 괴로우며 변하기 마련인 것을 

이것은 나의 것이다 이것은 나다 이것은 나의 자아{attā}다라고 봄이 옳은가

옳지 않습니다 스님

그러므로 비구들이여 

과거 미래 현재의 어떤 물질{rūpūpādānakkhandha, 색}이라 할지라도

내적인 것이든 외적인 것이든

거친 것이든 미세한 것이든

보잘것없는 것이든 훌륭한 것이든

먼 것이든 가까운 것이든

모든 물질{rūpūpādānakkhandha, 색}은 

나의 것도 아니고 나도 아니고 나의 자아{attā}도 아니다라고 

바른-지혜{sammappaññā, 올바른 지혜}로 있는 그대로 통찰해야 하느니라

어떤 정신작용{vedanūpādānakkhandha, 수}이든

어떤 지각{saññūpādānakkhandha, 상}이든

어떤 형성{saṅkhārūpādānakkhandha, 행}이든

어떤 의식{viññāṇūpādānakkhandha, 식}이든

비구들이여 

이렇게 보는 배움이-많은-거룩한-제자{sutavā ariyasāvaka, 다문성제자}는

물질{rūpūpādānakkhandha, 색}에 대해서도 싫어하여-떠남{nibbidā, 염리}을 내고

정신작용{vedanūpādānakkhandha, 수}에 대해서도 싫어하여-떠남{nibbidā, 염리}을 내고

지각{saññūpādānakkhandha, 상}에 대해서도 싫어하여-떠남{nibbidā, 염리}을 내고

형성{saṅkhārūpādānakkhandha, 행}에 대해서도 싫어하여-떠남{nibbidā, 염리}을 내고

의식{viññāṇūpādānakkhandha, 식}에 대해서도 싫어하여-떠남{nibbidā, 염리}을 낸다

싫어하여-떠남{nibbidā, 염리}을 내기 때문에 욕망이-빛바램{virāga, 이욕}하고

욕망이-빛바램{virāga, 이욕}하기 때문에 해탈{vimutti}하며

나는 해탈{vimutti}하였다고 안다

그는 

태어남{jāti, 생}은 다하였다

거룩한-삶{brahmacariya, 청정한 수행}은 이루어졌다

해야 할 일은 마쳤다

다시는 이와 같은 상태로 돌아오지 않는다고 통찰한다

세존께서 이렇게 말씀하시자 다섯-비구{pañca bhikkhū}는 세존의 말씀에 크게 환희하고 기뻐하였습니다

그리고 이 가르침이 끝날 때 

다섯-비구{pañca bhikkhū}의 마음에서는 집착{upādāna, 취}이 사라지고 

번뇌{āsava, 누}로부터 마음의-해탈{cetovimutti, 심해탈}을 이루었습니다"
"양식경","[[ SN 12.12 ]]
[[ 모리야팟구나-경{moḷiyaphaggunasutta, 꼬리상투를 한 팟구나} ]]

이와 같이 나는 들었습니다

사밧티에서 머물고 계실 때였습니다

부처님{bhagavā, 세존}께서 말씀하셨습니다

비구들아 

태어난-중생{bhūta sattā, 살아있는 존재}을 유지시키고 

태어날-중생{sambhavesī, 다시 태어나려는 존재}을 도와주는 

네-가지-양식{cattāro āhārā, 네 가지 자양분}이 있다

어떤 네 가지인가

먹는-음식{kabaḷīkāro āhāro, 거친 물질적 자양분}이 첫째이고

촉{phassa, 감각접촉}이 둘째이며

의식의-의지{manosañcetanā, 정신적 의도}가 셋째이고

의식{viññāṇa, 알음알이}이 넷째이다

이 네-가지-양식{cattāro āhārā, 네 가지 자양분}이 

태어난-중생{bhūta sattā, 살아있는 존재}을 유지시키고 

태어날-중생{sambhavesī, 다시 태어나려는 존재}을 도와준다

이렇게 말씀하시자 

꼬리상투를-한-존자-팟구나{āyasmā moḷiyaphagguno, 몰리야팟구나 존자}가 부처님{bhagavā, 세존}께 말씀드렸습니다

스님 그러면 누가-의식을-양식으로-먹습니까{ko nu kho viññāṇāhāraṁ āhāretī}

부처님{bhagavā, 세존}께서 말씀하셨습니다

그 질문은 적절하지 않다

먹는다{āhāretī}고 나는 말하지 않는다

만약 먹는다{āhāretī}고 말한다면 

누가 먹습니까라는 질문이 적절할 수 있겠지만 

나는 그렇게 말하지 않는다

그러므로 올바른 질문은 다음과 같다

스님 의식이-무엇의-양식입니까{kissa nu kho viññāṇāhāro}

그에 대한 올바른 대답은 이렇다

의식{viññāṇa, 알음알이}은 

미래의-다시-태어남{āyatiṁ punabbhavābhinibbatti, 재유의 성취}을 위한 

조건{paccayo, 연}이다

그 존재가 있을 때 

여섯-감각장{saḷāyatana, 육입}이 있으며

여섯-감각장을-연으로-촉{saḷāyatanapaccayā phasso, 육입연촉}이 생긴다

스님 그러면 누가-접촉합니까{ko nu kho phusatī}

부처님{bhagavā, 세존}께서 말씀하셨습니다

그 질문은 적절하지 않다

접촉한다{phusatī}고 나는 말하지 않는다

올바른 질문은 

무엇을-연으로-촉{kiṁpaccayā nu kho phasso}이 생기는가이다

그에 대한 올바른 대답은

여섯-감각장을-연으로-촉{saḷāyatanapaccayā phasso, 육입연촉}이 생기고

촉을-연으로-느낌{phassapaccayā vedanā, 촉연수}이 생긴다이다

스님 그러면 누가-느낍니까{ko nu kho vedayatī}

부처님{bhagavā, 세존}께서 말씀하셨습니다

그 질문은 적절하지 않다

느낀다{vedayatī}고 나는 말하지 않는다

올바른 질문은 

무엇을-연으로-느낌{kiṁpaccayā nu kho vedanā}이 생기는가이다

그에 대한 올바른 대답은

촉을-연으로-느낌{phassapaccayā vedanā, 촉연수}이 생기고

느낌을-연으로-갈애{vedanāpaccayā taṇhā, 수연애}가 생긴다이다

스님 그러면 누가-갈애합니까{ko nu kho tasatī}

부처님{bhagavā, 세존}께서 말씀하셨습니다

그 질문은 적절하지 않다

갈애한다{tasatī}고 나는 말하지 않는다

올바른 질문은 

무엇을-연으로-갈애{kiṁpaccayā nu kho taṇhā}가 생기는가이다

그에 대한 올바른 대답은

느낌을-연으로-갈애{vedanāpaccayā taṇhā, 수연애}가 생기고

갈애를-연으로-취착{taṇhāpaccayā upādāna, 애연취}이 생긴다이다

스님 그러면 누가-취착합니까{ko nu kho upādiyatī}

부처님{bhagavā, 세존}께서 말씀하셨습니다

그 질문은 적절하지 않다

취착한다{upādiyatī}고 나는 말하지 않는다

올바른 질문은

무엇을-연으로-취착{kiṁpaccayā nu kho upādāna}이 생기는가이다

그에 대한 올바른 대답은 

갈애를-연으로-취착{taṇhāpaccayā upādāna, 애연취}이 생기고

취착을-연으로-존재{upādānapaccayā bhavo, 취연유}가 생긴다이다

이와 같이 

전체-고통의-무더기{kevalassa dukkhakkhandhassa, 전고온}가 생겨난다

팟구나여 

그러나 

여섯-접촉처{channaṁ phassāyatanānaṁ, 육감각처}가 완전히 남김없이 사라지고 멸하면 

촉이-멸{phassanirodho, 촉멸}하고

촉이 멸하니 

느낌이-멸{vedanānirodho, 수멸}하고

느낌이 멸하니 

갈애가-멸{taṇhānirodho, 애멸}하고

갈애가 멸하니 

취착이-멸{upādānanirodho, 취멸}하고

취착이 멸하니 

존재가-멸{bhavanirodho, 유멸}하고

존재가 멸하니 

생이-멸{jātinirodho, 생멸}하고

생이 멸하니

늙음과-죽음-슬픔-탄식-고통-번뇌-괴로움{jarāmaraṇa sokaparidevadukkhadomanassupāyāsā, 노사소비고憂뇌}이 멸한다

이와 같이 

전체-고통의-무더기{kevalassa dukkhakkhandhassa, 전고온}가 멸한다"
"양식경","[[ SN 12.12 ]]
[[ 모리야팟구나-경{moḷiyaphaggunasutta, 꼬리상투를 한 팟구나} ]]

이와 같이 나는 들었습니다

사밧티에서 머물고 계실 때였습니다

비구들이여 

태어난-중생{bhūta sattā, 살아있는 존재}을 유지시키고 

태어나려는-중생{sambhavesī, 다시 태어나려는 존재}을 도와주는 

네-가지-양식{cattāro āhārā, 네 가지 자양분}이 있다

어떤 네 가지인가

거칠거나 미세한 먹는-음식{kabaḷīkāro āhāro, 거친 물질적 자양분}

촉{phassa, 감각접촉}

의식의-의지{manosañcetanā, 정신적 의도}

의식{viññāṇa, 알음알이}

이다

이 네-가지-양식{cattāro āhārā, 네 가지 자양분}이 

태어난-중생{bhūta sattā, 살아있는 존재}을 유지시키고 

태어나려는-중생{sambhavesī, 다시 태어나려는 존재}을 도와준다

이때 꼬리상투를-한-존자-팟구나{āyasmā moḷiyaphagguno, 몰리야팟구나 존자}가 부처님{bhagavā, 세존}께 아뢰었습니다

세존이시여 그러면 누가 의식{viññāṇa, 알음알이}을 양식{āhāra, 자양분}으로 삼아 먹습니까

부처님{bhagavā, 세존}께서 말씀하셨습니다

팟구나여 그 질문은 타당하지 않다

나는 누가 먹는다고 말하지 않는다

올바른 질문은 의식{viññāṇa, 알음알이}은 무엇의 양식{āhāra, 자양분}인가이다

그 대답은 의식{viññāṇa, 알음알이}은 미래의-다시-태어남{āyatiṁ punabbhavābhinibbatti, 재유의 성취}의 조건{paccayo, 연}이 된다

다시 태어남이 있으면 여섯-감각장{saḷāyatana, 육입}이 있게 되고

여섯-감각장{saḷāyatana, 육입}은 촉{phassa, 감각접촉}의 조건{paccayo, 연}이 된다

세존이시여 그러면 누가 접촉합니까

부처님{bhagavā, 세존}께서 말씀하셨습니다

팟구나여 그 질문은 타당하지 않다

올바른 질문은 무엇이 촉{phassa, 감각접촉}의 조건{paccayo, 연}인가이다

그 대답은 여섯-감각장{saḷāyatana, 육입}이 촉{phassa, 감각접촉}의 조건{paccayo, 연}이 되고 

촉{phassa, 감각접촉}은 느낌{vedanā, 수}의 조건{paccayo, 연}이 된다

세존이시여 그러면 누가 느낍니까

팟구나여 그 질문은 타당하지 않다

올바른 질문은 무엇이 느낌{vedanā, 수}의 조건{paccayo, 연}인가이다

그 대답은 촉{phassa, 감각접촉}이 느낌{vedanā, 수}의 조건{paccayo, 연}이 되고 

느낌{vedanā, 수}은 갈애{taṇhā, 애}의 조건{paccayo, 연}이 된다

세존이시여 그러면 누가 갈애를 합니까

팟구나여 그 질문은 타당하지 않다

올바른 질문은 무엇이 갈애{taṇhā, 애}의 조건{paccayo, 연}인가이다

그 대답은 느낌{vedanā, 수}이 갈애{taṇhā, 애}의 조건{paccayo, 연}이 되고 

갈애{taṇhā, 애}는 취착{upādāna, 취}의 조건{paccayo, 연}이 된다

세존이시여 그러면 누가 취착{upādāna, 취}을 합니까

팟구나여 그 질문은 타당하지 않다

올바른 질문은 무엇이 취착{upādāna, 취}의 조건{paccayo, 연}인가이다

그 대답은 갈애{taṇhā, 애}가 취착{upādāna, 취}의 조건{paccayo, 연}이 되고 

취착{upādāna, 취}은 존재{bhava, 유}의 조건{paccayo, 연}이 된다

이와 같이 이 일체의 괴로움의-무더기{dukkhakkhandha, 고온}가 생겨난다

그러나 여섯-접촉처{channaṁ phassāyatanānaṁ, 육감각처}가 남김없이 사라지고 소멸하면

촉{phassa, 감각접촉}이 소멸하고

촉{phassa, 감각접촉}이 소멸하면 느낌{vedanā, 수}이 소멸하고

느낌{vedanā, 수}이 소멸하면 갈애{taṇhā, 애}가 소멸하고

갈애{taṇhā, 애}가 소멸하면 취착{upādāna, 취}이 소멸하고

취착{upādāna, 취}이 소멸하면 존재{bhava, 유}가 소멸하고

존재{bhava, 유}가 소멸하면 태어남{jāti, 생}이 소멸하고

태어남{jāti, 생}이 소멸하면 늙음과-죽음-슬픔-탄식-고통-번뇌-절망{jarāmaraṇa sokaparidevadukkhadomanassupāyāsā, 노사소비고憂뇌}이 소멸한다

이와 같이 이 일체의 괴로움의-무더기{dukkhakkhandha, 고온}가 소멸한다

이와 같이 세존께서 말씀하셨습니다"
"소고음경","[[ MN 14 ]]
[[ 괴로움의-무더기에-대한-작은-경{cūḷadukkhakkhandhasutta, 소고온경} ]]

이와 같이 나는 들었습니다

한때 부처님{bhagavā, 세존}께서 석가족{sakka, 삭카}의 땅 카필라밧투{kapilavatthu} 근처 니그로다-수원{nigrodhārāma, 니그로다 아라마}에 머물고 계셨습니다

그때 마하나마-사캰{mahānāma sakka}이 부처님{bhagavā, 세존}께 다가가 예배한 뒤 한쪽에 앉았습니다

앉아서 부처님{bhagavā, 세존}께 이렇게 말씀드렸습니다

오랫동안 저는 스님 부처님{bhagavā, 세존}께서 설하신 법{dhamma, 가르침}을 이렇게 이해해 왔습니다

탐욕{lobha, 욕심}은 마음의-오염{upakkilesa, 번뇌}이고 

성냄{dosa, 진에}은 마음의-오염{upakkilesa, 번뇌}이며 

미혹{moha, 어리석음}은 마음의-오염{upakkilesa, 번뇌}이다

이렇게 이해하고 있지만

때때로 

탐욕의-법{lobhadhamma, 탐욕의 상태}이 마음을 완전히 사로잡고

성냄의-법{dosadhamma, 성냄의 상태}이 마음을 사로잡고

미혹의-법{mohadhamma, 미혹의 상태}이 마음을 사로잡습니다

스님 제 안에 아직 완전히 버려지지 않은 어떤 법{dhamma, 가르침}이 있어서 이런 일이 일어나는 것입니까

부처님{bhagavā, 세존}께서 말씀하셨습니다

마하나마여 

바로 그 법{dhamma, 가르침}이 당신 안에 아직 남아 있어서 

탐욕의-법{lobhadhamma, 탐욕의 상태}과 

성냄의-법{dosadhamma, 성냄의 상태}과 

미혹의-법{mohadhamma, 미혹의 상태}이 때때로 마음을 사로잡는 것입니다

만약 그 법{dhamma, 가르침}을 완전히 버렸다면 

당신은 집에서 살지도 않고 감각적-욕망{kāma, 탐욕}을 누리지도 않았을 것입니다

그러나 그 법{dhamma, 가르침}이 아직 내면에 남아 있기에 당신은 여전히 집에서 살며 감각적-욕망{kāma, 탐욕}을 누리고 있습니다

감각적-욕망{kāma, 탐욕}은 

적은-만족{appassāda, 작은 즐거움}이고 

많은-고통{bahudukkha, 큰 괴로움}이며 

많은-번뇌{bahupāyāsa, 큰 절망}이고 

그 안에 단점{ādīnava, 재앙}이 더욱 많다고 

거룩한-제자{ariyasāvaka, 성제자}가 바른-지혜{sammappaññā, 올바른 지혜}로 분명히 보았더라도

감각적-욕망{kāma, 탐욕}과 불선법{akusala dhamma, 해로운 법}을 떠난 환희와-즐거움{pītisukha, 희락}이나 그보다 더 평화로운 것을 얻지 못한다면 

여전히 감각적-욕망{kāma, 탐욕}으로 돌아갈 수 있습니다

그러나 감각적-욕망{kāma, 탐욕}과 불선법{akusala dhamma, 해로운 법}을 떠난 환희와-즐거움{pītisukha, 희락}이나 그보다 더 평화로운 것을 얻는다면 

감각적-욕망{kāma, 탐욕}으로 돌아가지 않습니다

나 역시 깨달음 이전 아직 보살{bodhisatta, 깨달음을 구하는 존재}이었을 때 

감각적-욕망{kāma, 탐욕}은 적은-만족{appassāda, 작은 즐거움}이고 많은-고통{bahudukkha, 큰 괴로움}이며 많은-번뇌{bahupāyāsa, 큰 절망}이며 그 단점{ādīnava, 재앙}이 더욱 크다고 바른-지혜{sammappaññā, 올바른 지혜}로 분명히 보았습니다

하지만 감각적-욕망{kāma, 탐욕}과 불선법{akusala dhamma, 해로운 법}을 떠난 환희와-즐거움{pītisukha, 희락}이나 그보다 더 평화로운 것을 얻지 못했을 때는 

나는 감각적-욕망{kāma, 탐욕}으로 돌아가지 않겠다고 선언하지 않았습니다

그러나 그 환희와-즐거움{pītisukha, 희락}을 얻었을 때 

나는 감각적-욕망{kāma, 탐욕}으로 돌아가지 않겠다고 선언했습니다

감각적-욕망{kāma, 탐욕}의 만족{assāda, 즐거움}은 무엇인가

마하나마여 

다섯-가지-감각적-욕망의-대상{kāmaguṇa, 오욕락}이 있다

눈으로-아는-형색{cakkhuviññeyya rūpa, 안식의 대상} 

좋아하고 사랑스럽고 마음에 들고 즐겁고 관능적이며 탐욕을 일으키는 것

귀로-아는-소리{sotaviññeyya sadda, 이식의 대상}

코로-아는-향기{ghānaviññeyya gandha, 설식의 대상}

혀로-아는-맛{jivhāviññeyya rasa, 설식의 대상}

몸으로-아는-감촉{kāyaviññeyya phoṭṭhabba, 신식의 대상} 

좋아하고 사랑스럽고 마음에 들고 즐겁고 관능적이며 탐욕을 일으키는 것

이 다섯-가지-감각적-욕망의-대상{kāmaguṇa, 오욕락}에 의지하여 생기는 즐거움과 행복 

이것이 감각적-욕망{kāma, 탐욕}의 만족{assāda, 즐거움}이다

마하나마여 

감각적-욕망{kāma, 탐욕}의 단점{ādīnava, 재앙}은 무엇인가

여기 한 명문가의-아들{kulaputta, 가문의 자제}이 기술{sippa, 직업}로 생계를 유지한다

예를 들어 계산 회계 산술 농사 상업 소-기르기 활쏘기 왕의-관직 또는 다른 기술로 말이다

그는 추위와 더위에 시달리고 모기 파리 바람 햇볕 벌레의 접촉에 괴로워하며 배고픔과 목마름으로 죽을 지경이 된다

이것이 감각적-욕망{kāma, 탐욕}의 현세에-보이는-단점{sandiṭṭhika ādīnava, 현법의 재앙}이며 

감각적-욕망{kāma, 탐욕}을 원인으로 한 괴로움의-무더기{dukkhakkhandha, 고온}이다

그가 열심히 노력하고 애써도 재물이 생기지 않으면 

그는 슬퍼하고 괴로워하고 한탄하며 가슴을 치고 혼란에 빠진다

아 나의 노력은 헛되었구나 나의 애씀은 무익하였구나

이것 역시 감각적-욕망{kāma, 탐욕}의 현세에-보이는-단점{sandiṭṭhika ādīnava, 현법의 재앙}이며 

감각적-욕망{kāma, 탐욕}을 원인으로 한 괴로움의-무더기{dukkhakkhandha, 고온}이다

그가 열심히 노력하여 재물을 얻었다 하더라도 그 재물을 지키기 위해 고통과 근심을 겪는다

이 재물이 왕에게 빼앗기지 않게 도둑에게 빼앗기지 않게 불에 타지 않게 물에 떠내려가지 않게 미움받는 상속자에게 빼앗기지 않게 하려면 어떻게 할까

그가 그렇게 지키고 보호하고 있는데도 왕이 빼앗아 가거나 도둑이 빼앗아 가거나 불이 태우거나 물이 떠내려가거나 미움받는 상속자가 빼앗아 간다

그러면 그는 내 것이이었던 것이 이제 없다고 슬퍼하고 괴로워하고 한탄하며 가슴을 치고 혼란에 빠진다

이것 역시 감각적-욕망{kāma, 탐욕}의 현세에-보이는-단점{sandiṭṭhika ādīnava, 현법의 재앙}이며 

감각적-욕망{kāma, 탐욕}을 원인으로 한 괴로움의-무더기{dukkhakkhandha, 고온}이다

또한 감각적-욕망{kāma, 탐욕}을 원인으로 

왕은 왕과 다투고 

귀족은 귀족과 다투고 

바라문은 바라문과 다투고 

집주인은 집주인과 다투고 

어머니는 아들과 다투고 

아들은 어머니와 다투고 

아버지는 아들과 다투고 

형제는 형제와 다투고 

형제는 누이와 다투고 

누이는 형제와 다투고 

친구는 친구와 다툰다

그들은 다투고 싸우고 논쟁하다가 서로 주먹으로 치고 돌을 던지고 막대로 때리고 칼로 벤다

그로 인해 죽음에 이르거나 죽음에 이르는 고통을 겪는다

이것 역시 감각적-욕망{kāma, 탐욕}의 현세에-보이는-단점{sandiṭṭhika ādīnava, 현법의 재앙}이며 

감각적-욕망{kāma, 탐욕}을 원인으로 한 괴로움의-무더기{dukkhakkhandha, 고온}이다

또한 감각적-욕망{kāma, 탐욕}을 원인으로 

칼과 방패를 들고 활과 화살을 메고 양쪽 군대가 대치한 전장에 뛰어들어 화살이 날아가고 창이 날아가고 칼이 번쩍이는 가운데 싸운다

그들은 화살에 맞고 창에 맞고 머리가 잘려 죽거나 죽음에 이르는 고통을 겪는다

이것 역시 감각적-욕망{kāma, 탐욕}의 현세에-보이는-단점{sandiṭṭhika ādīnava, 현법의 재앙}이며 

감각적-욕망{kāma, 탐욕}을 원인으로 한 괴로움의-무더기{dukkhakkhandha, 고온}이다

또한 감각적-욕망{kāma, 탐욕}을 원인으로 

칼과 방패를 들고 습기를 머금은 진흙을 바른 성벽을 공격하다가 화살 창 칼에 맞고 오물을 뒤집어쓰고 압도적인 힘에 짓눌리고 머리가 잘려 죽는다

이것 역시 감각적-욕망{kāma, 탐욕}의 현세에-보이는-단점{sandiṭṭhika ādīnava, 현법의 재앙}이며 

감각적-욕망{kāma, 탐욕}을 원인으로 한 괴로움의-무더기{dukkhakkhandha, 고온}이다

또한 감각적-욕망{kāma, 탐욕}을 원인으로 

문을 부수고 재물을 약탈하고 외딴 집을 털고 길에서 강도질하고 남의 아내를 범한다

왕이 그들을 잡아 다양한 형벌을 가한다

채찍으로 때리고 몽둥이로 때리고 손발을 자르고 귀와 코를 자르고 뜨거운 기름을 붓고 개에게 먹이고 산 채로 말뚝에 꿰고 머리를 베는 등

그로 인해 죽거나 죽음에 이르는 고통을 겪는다

이것 역시 감각적-욕망{kāma, 탐욕}의 현세에-보이는-단점{sandiṭṭhika ādīnava, 현법의 재앙}이며 

감각적-욕망{kāma, 탐욕}을 원인으로 한 괴로움의-무더기{dukkhakkhandha, 고온}이다

또한 감각적-욕망{kāma, 탐욕}을 원인으로 

몸으로 악행을 하고 말로 악행을 하고 뜻으로 악행을 한다

그들은 몸 말 뜻으로 악행을 한 뒤 몸이 깨어진 뒤 사후에 

비참한-세계{apāya, 악처}와 

불행한-곳{duggati, 악도}과 

지옥{niraya}에 태어난다

이것이 감각적-욕망{kāma, 탐욕}의 내세의-단점{samparāyika ādīnava, 내세의 재앙}이며 

괴로움의-무더기{dukkhakkhandha, 고온}이다

이 모든 것은 

감각적-욕망을-원인으로{kāmahetu} 

감각적-욕망을-인연으로{kāmanidāna} 한 

괴로움의-무더기{dukkhakkhandha, 고온}이다

부처님{bhagavā, 세존}께서 이렇게 말씀하셨습니다

마하나마-사캰은 기뻐하며 부처님{bhagavā, 세존}의 말씀을 환희하였습니다"
"연기경","[[ SN 12.1 ]]
[[ 조건하여-일어남-경{paṭiccasamuppādasutta, 연기경} ]]

이와 같이 나는 들었습니다

한때 부처님{bhagavā, 세존}께서는 싸왓티 근처 제따와나 아나타삔디까 승원에 머물고 계셨습니다

그곳에서 부처님{bhagavā, 세존}께서 비구들에게 말씀하셨습니다

비구들이여

세존이시여하고 그들이 대답했습니다

부처님{bhagavā, 세존}께서 이렇게 말씀하셨습니다

비구들이여 

나는 너희에게 조건하여-일어남{paṭiccasamuppāda, 연기}을 가르치겠다

잘 듣고 마음을 기울여라 

내가 말하리라

예 세존이시여하고 그들이 대답했습니다

부처님{bhagavā, 세존}께서 말씀하셨습니다

조건하여-일어남{paṭiccasamuppāda, 연기}이란 무엇인가

무명{avijjā, 무지}을 연으로 형성{saṅkhāra, 행}이 있고

형성{saṅkhāra, 행}을 연으로 의식{viññāṇa, 식}이 있고

의식{viññāṇa, 식}을 연으로 정신과-물질{nāmarūpa, 명색}이 있고

정신과-물질{nāmarūpa, 명색}을 연으로 여섯-감각장{saḷāyatana, 육입}이 있고

여섯-감각장{saḷāyatana, 육입}을 연으로 촉{phassa, 감각접촉}이 있고

촉{phassa, 감각접촉}을 연으로 느낌{vedanā, 수}이 있고

느낌{vedanā, 수}을 연으로 갈애{taṇhā, 애}가 있고

갈애{taṇhā, 애}를 연으로 취착{upādāna, 취}이 있고

취착{upādāna, 취}을 연으로 존재{bhava, 유}가 있고

존재{bhava, 유}를 연으로 태어남{jāti, 생}이 있고

태어남{jāti, 생}을 연으로 늙음과-죽음{jarāmaraṇa, 노사}과 슬픔 탄식 고통 번뇌 절망이 생겨난다

이와 같이 전체-고통의-무더기{dukkhakkhandha, 전고온}가 생겨난다

이것을 조건하여-일어남{paṭiccasamuppāda, 연기}이라고 한다

무명{avijjā, 무지}이 남김없이 사라지고 소멸하면 형성{saṅkhāra, 행}이 소멸하고

형성{saṅkhāra, 행}이 소멸하면 의식{viññāṇa, 식}이 소멸하고

의식{viññāṇa, 식}이 소멸하면 정신과-물질{nāmarūpa, 명색}이 소멸하고

정신과-물질{nāmarūpa, 명색}이 소멸하면 여섯-감각장{saḷāyatana, 육입}이 소멸하고

여섯-감각장{saḷāyatana, 육입}이 소멸하면 촉{phassa, 감각접촉}이 소멸하고

촉{phassa, 감각접촉}이 소멸하면 느낌{vedanā, 수}이 소멸하고

느낌{vedanā, 수}이 소멸하면 갈애{taṇhā, 애}가 소멸하고

갈애{taṇhā, 애}가 소멸하면 취착{upādāna, 취}이 소멸하고

취착{upādāna, 취}이 소멸하면 존재{bhava, 유}가 소멸하고

존재{bhava, 유}가 소멸하면 태어남{jāti, 생}이 소멸하고

태어남{jāti, 생}이 소멸하면 늙음과-죽음{jarāmaraṇa, 노사}과 슬픔 탄식 고통 번뇌 절망이 소멸한다

이와 같이 전체-고통의-무더기{dukkhakkhandha, 전고온}가 소멸한다

이와 같이 부처님{bhagavā, 세존}께서 말씀하셨습니다

비구들은 기뻐하며 부처님{bhagavā, 세존}의 말씀을 받들었습니다"
"라훌라경","[[ MN 62 ]]
[[ 긴-라훌라-경{mahārāhulovādasutta, 대라훌라교계경} ]]

이와 같이 나는 들었다.

한때 부처님{buddha, 깨달은 분}은 사왓티{sāvatthī} 근처 제따-숲{jetavana, 기원정사}의 아나타핀디카-원림{anāthapiṇḍikārāma, 급고독원}에 머물고 계셨다.

그날 아침, 부처님{buddha, 깨달은 분}께서는 가사를 입고 발우를 들고 사왓티{sāvatthī}로 탁발을 나가셨다.

라훌라{rāhula, 부처님의 아들}도 가사를 입고 부처님{buddha, 깨달은 분} 뒤를 따랐다.

부처님{buddha, 깨달은 분}께서 뒤를 돌아보시며 라훌라{rāhula, 부처님의 아들}에게 말씀하셨다.

“라훌라{rāhula, 부처님의 아들}야, 어떤 형태{rūpa, 물질적 모양}든 과거·미래·현재의 것, 안의 것·밖의 것, 거친 것·미세한 것, 열등한 것·우수한 것, 먼 것·가까운 것이든 모두 바른-지혜{sammāpaññā, 정혜}로

‘이것은 내 것이 아니다,

나는 이것이 아니다,

이것은 나의 자아{attā}가 아니다’

라고 보아야 한다.”

“세존{bhagavant, 부처님}이시여, 오직 형태{rūpa, 물질적 모양}만 그렇게 보아야 합니까?”

“형태{rūpa, 물질적 모양}뿐만 아니라,

느낌{vedanā, 정서적 감수}과

상{saññā, 마음의 표상}과

행{saṅkhāra, 의도적 심리현상들}과

식{viññāṇa, 대상을 아는 마음}

까지도 그렇게 보아야 한다.”

그러자 라훌라{rāhula, 부처님의 아들}는 생각했다.

‘오늘은 부처님{buddha, 깨달은 분}께 직접 가르침을 받은 뒤에 탁발을 나가기는 어렵겠다.’

그는 되돌아와 한 나무 아래에 가부좌를 하고 몸을 바르게 세운 뒤, 알아차림{sati, 마음챙김}을 현재에 머무르게 했다.

그때 사리불{sāriputta, 지혜 제일의 제자} 존자{āyasmant}가 라훌라{rāhula, 부처님의 아들}가 앉아 있는 것을 보고 말했다.

“라훌라{rāhula, 부처님의 아들}야, 호흡을-알아차림{ānāpānassati, 들숨날숨에 대한 마음챙김}을 닦아라.

호흡을-알아차림{ānāpānassati, 들숨날숨에 대한 마음챙김}을 잘 닦고 익히면 매우 큰 열매와 이익이 있다.”

오후 늦게 선정에서 나온 라훌라{rāhula, 부처님의 아들}는 부처님{buddha, 깨달은 분}께 가서 예배를 올리고 한쪽에 앉아 여쭈었다.

“세존{bhagavant, 부처님}이시여, 호흡을-알아차림{ānāpānassati, 들숨날숨에 대한 마음챙김}을 어떻게 닦고 익혀야 큰 열매와 이익이 있습니까?”

부처님{buddha, 깨달은 분}께서 말씀하셨다.

“라훌라{rāhula, 부처님의 아들}야,

내면의 땅-요소{pathavīdhātu, 고체성의 성질}는 머리카락, 몸털, 손톱, 이, 피부, 살, 힘줄, 뼈, 골수, 신장, 심장, 간, 횡격막, 비장, 폐, 장, 창자, 위 내용물, 대변 등 몸 안에서 단단하고 고체적인 모든 것이다.

이것을 내면의 땅-요소{pathavīdhātu, 고체성의 성질}라고 한다.

이 땅-요소{pathavīdhātu, 고체성의 성질}를

‘이것은 내 것이 아니다,

나는 이것이 아니다,

이것은 나의 자아{attā}가 아니다’

라고 바른-지혜{sammāpaññā, 정혜}로 보면, 땅-요소{pathavīdhātu, 고체성의 성질}에 대한 집착이 사라지고 마음이 해탈한다.

내면의 물-요소{āpodhātu, 액체성의 성질}는 담즙, 가래, 고름, 피, 땀, 지방, 눈물, 기름, 침, 콧물, 관절액, 소변 등 몸 안의 액체적인 모든 것이다.

이것을 내면의 물-요소{āpodhātu, 액체성의 성질}라고 한다.

물-요소{āpodhātu, 액체성의 성질}도 마찬가지로 ‘이것은 내 것이 아니다, 나는 이것이 아니다, 이것은 나의 자아{attā}가 아니다’라고 보면 집착이 사라진다.

내면의 불-요소{tejodhātu, 따뜻함과 온도의 성질}는 몸을 따뜻하게 하고, 소화시키고, 노화시키는 열이다.

불-요소{tejodhātu, 따뜻함과 온도의 성질}도 마찬가지로 보아야 한다.

내면의 바람-요소{vāyodhātu, 움직임과 지탱의 성질}는 몸 안의 오르내리는 바람, 배와 장의 바람, 사지로 흐르는 바람, 들숨과 날숨이다.

바람-요소{vāyodhātu, 움직임과 지탱의 성질}도 마찬가지로 보아야 한다.

내면의 공간-요소{ākāsadhātu, 비어있는 성질}는 귀 구멍, 코 구멍, 입, 음식 삼키는 공간, 음식이 머무는 공간, 배설하는 공간 등이다.

공간-요소{ākāsadhātu, 비어있는 성질}도 ‘이것은 내 것이 아니다, 나는 이것이 아니다, 이것은 나의 자아{attā}가 아니다’라고 보아야 한다.

라훌라{rāhula, 부처님의 아들}야, 땅처럼 명상하라.

땅은 깨끗한 것과 더러운 것을 모두 받아들이지만, 그것에 의해 흔들리지 않는다.

마찬가지로, 어떤 쾌락이나 불쾌한 감각이 와도 마음이 흔들리지 않게 닦아라.

물처럼, 불처럼, 바람처럼, 공간처럼 명상하라.

그러면 어떤 감각도 마음을 점령하지 못한다.

자{mettā, 자애로운 사랑}를 닦아라.

그러면 미움이 사라진다.

비{karuṇā, 연민하는 마음}를 닦아라.

그러면 잔인함이 사라진다.

희{muditā, 함께 기뻐함}를 닦아라.

그러면 불만이 사라진다.

사{upekkhā, 평온한 마음}를 닦아라.

그러면 거부감이 사라진다.

부정{asubha, 부정관}을 닦아라.

그러면 감각적 욕망이 사라진다.

무상{anicca, 영원하지 않음}을 닦아라.

그러면 나라는 자만{asmimāna, 내가 있다는 번뇌}이 사라진다.

호흡을-알아차림{ānāpānassati, 들숨날숨에 대한 마음챙김}을 닦아라.

이것을 잘 닦으면 매우 큰 열매와 이익이 있다.

호흡을-알아차림{ānāpānassati, 들숨날숨에 대한 마음챙김}의 구체적인 열여섯 단계 수행법인 길게 숨쉬기, 짧게 숨쉬기, 전신 느끼기, 몸의 활동 가라앉히기, 희열 느끼기, 행복 느끼기, 마음의 활동 느끼기와 가라앉히기, 마음 관찰하기, 기쁘게 하기, 삼매에 들게 하기, 놓아주기, 무상과 소멸과 버림 관찰하기는 이전 경과 동일하다.

호흡을-알아차림{ānāpānassati, 들숨날숨에 대한 마음챙김}을 이렇게 닦고 익히면, 마지막 숨이 멈추는 순간에도 그 숨을 분명히 알게 된다.”

이와 같이 부처님{buddha, 깨달은 분}께서 말씀하셨다.

존자{āyasmant} 라훌라{rāhula, 부처님의 아들}는 기뻐하며 부처님{buddha, 깨달은 분}의 말씀을 받들었다.

라훌라에게 주는 긴 권고경 끝."
"꿀덩어리경","[[MN 18 ]]
[[꿀덩어리경{Madhupiṇḍikasutta}]]

비구여, 

허상과-개념과-판단{papañca saññā saṅkhā}이 사람을 괴롭히기 때문이라오.

만약 그 일어나는 근원에 대해 
즐기려-하지도{""좋다!""}, 
단언하려-하지도{“이것이다!”,주장-고착},
집착하려-하지도{내 것이다!}
않는다면, 

이것이 바로 

탐하는 성향 
탐수면{貪隨眠, greed}의 끝이며,

화내는 성향 
진수면{瞋隨眠, aversion}의 끝이며,

잘못된 견해의 성향 
견수면{見隨眠, wrong view}의 끝이며,

의심하는 성향 
의수면{疑隨眠, doubt}의 끝이며,

교만한 성향 
만수면{慢隨眠, conceit}의 끝이며,

존재를 갈망하는 성향 
유탐수면{有貪隨眠, craving for existence}의 끝이며,

무지한 성향 
무명수면{無明隨眠, ignorance}의 끝이다.

이것이 곧 
몽둥이와 칼을 드는 것, 
다툼과 논쟁과 분쟁, 
비방과 이간질과 거짓말
의 끝이며, 

이러한 악하고 불선한 것들이 남김없이 그치는 지점이다."
"꿀덩어리경","[[MN 18 ]]
[[꿀덩어리경{Madhupiṇḍikasutta} ]]
비구여, 사람에게 어떤 근원으로부터이든 

번식하는-지각과-개념의-덩어리{Papañca-saññā-saṅkhā}

끊임없이-늘어나는-개념의-덩어리{Papañca-saññā-saṅkhā}

개념적-증식에-따른-개념의-덩어리{Papañca-saññā-saṅkhā}

생각이-과도하게-번식하여-생긴-개념의-무리{Papañca-saññā-saṅkhā} 

가 사람을 괴롭힌다.

만약 이 근원{육처-촉-수-상-사}에서 

기뻐하거나{abhinanditabbaṁ,강한 즐거움-끌림}

환영하거나{abhivaditabbaṁ,받아들이고, 좋게 평가}

집착하여-붙잡을-만한-것{ajjhositabbaṁ,강하게 소유하려 하고, ‘나의 것’으로 만드는 것}

…이 없다면,

이것이 바로 

탐하는-성향{rāgānusayānaṁ,탐수면}의 끝이며,
화내는-성향{paṭighānusayānaṁ,진수면}의 끝이며,
잘못된-견해의-성향{diṭṭhānusayānaṁ,견수면}의 끝이며,
의심하는-성향{vicikicchānusayānaṁ,의수면}의 끝이며,
교만한-성향{mānānusayānaṁ,만수면}의 끝이며,
존재를-갈망하는-성향{bhavarāgānusayānaṁ,유탐수면}의 끝이며,
무지한-성향{avijjānusayānaṁ,무명수면}의 끝이다.

바로 이것이 막대기와 무기를 잡는 것, 다툼, 싸움, 논쟁, 비방, 험담, 거짓말 등의 나쁘고-해로운-모든-법{akusala dhamma,불선법} 이 남김없이 소멸하는 지점이다.
"
"꿀덩어리경","[[MN 18 ]]

[[Madhupiṇḍika-sutta{마두핀디카수타, 꿀덩어리경} ]]

Yatonidānaṁ{어떤 근원에서든, 어떠한 원인으로부터든} 

bhikkhu{비구여}

purisaṁ{사람을 대상으로} 

papañcasaññāsaṅkhā{번식하는(papañca)하는,지각(saṅñā)과,개념·생각의 덩어리(saṅkhā)} 

samudācaranti{일어나서 몰려오다, 습격하다, 괴롭히다}"
"연료품","[[SN 12.15]]
[[ 깟짜나곳따-경 ]]

한때 부처님께서는 사왓티{Sāvatthī, 유명한 고대 도시}에 머무셨습니다. 
그때 존자 깟짜나곳따{Kaccānagotta, 부처님의 제자}가 부처님께 다가와 절을 올린 뒤 한쪽 곁에 앉았습니다. 
한쪽 곁에 앉은 존자 깟짜나곳따는 부처님께 이와 같이 여쭈었습니다.

세존이시여, 사람들이 바른-견해{sammādiṭṭhi, 올바른 깨달음의 눈}라고 말합니다. 
도대체 무엇을 바른-견해라고 정의합니까.

깟짜나야, 이 세상 사람들은 대부분 존재{atthitā, 세상이 영원히 있다는 믿음}와 비존재{natthitā, 죽으면 모든 것이 사라진다는 믿음}라는 두 가지 이분법에 의존하고 있다. 

그러나 세상의 일어남{samudaya, 조건에 따른 발생}을 있는 그대로 바른-지혜{sammappaññāya, 온전한 통찰력}를 통해 보는 사람에게는 세상이 존재하지 않는다는 비존재의 관념이 생기지 않는다. 

그리고 세상의 소멸{nirodha, 조건의 사라짐}을 있는 그대로 바른-지혜를 통해 보는 사람에게는 세상이 영원히 존재한다는 존재의 관념이 생기지 않는다.

깟짜나야, 이 세상은 대부분 얽매임과 집착{upādāna, 움켜쥐고 놓지 못함} 그리고 고집에 묶여 있다. 

하지만 만약 누군가가 그러한 얽매임과 집착, 마음의 고착, 고집과 잠재-성향{anusaya, 마음 깊이 잠재된 버릇}에 끌려가지 않고, 집착하지 않으며, 이것은 나의 자아{attā, 변하지 않는 영혼}라고 고집하지 않는다면, 그는 일어나는 것은 오직 괴로움{dukkha, 만족스럽지 못한 불만족}이 일어나는 것이고 사라지는 것은 오직 괴로움이 사라지는 것뿐이라는 사실에 대해 의심하거나 헷갈려하지 않게 된다. 

그의 이러한 앎은 타인에게 의존하지 않는 스스로의 깨달음이다.

 깟짜나야, 바로 이것을 바른-견해라고 정의한다.

모든 것은 존재한다는 것은 하나의 극단이다. 

모든 것은 존재하지 않는다는 것은 두 번째 극단이다. 

깟짜나야, 여래{Tathāgata, 진리를 깨달은 자}는 이 두 가지 극단을 피하여 중도{majjha, 치우치지 않는 길}로써 법{dhamma, 부처님의 가르침}을 설한다. 

즉, 무명{avijjā, 진리를 알지 못하는 어리석음}을 조건으로 형성{saṅkhārá, 마음의 의도적 행위}들이 생겨난다. 

형성들을 조건으로 알음알이{viññāṇa, 대상을 구별하는 의식}가 생겨난다. 

이와 같이 과정이 이어져 결국 전적인 괴로움의-무더기{dukkhakkhandha, 온갖 고통의 집합}가 일어난다.

그러나 무명이 남김없이 빛바래어 소멸하기에 형성들이 소멸한다. 

형성들이 소멸하기에 알음알이가 소멸한다. 

이와 같이 과정이 이어져 결국 전적인 괴로움의-무더기가 소멸한다."
"연료품","[[ SN 12.15 ]]
[[ 가짜나고따-경{kaccānagottasutta, 가전연경} ]]

사밧티{sāvatthī, 사위성}에서였습니다.

그때 존자-가짜나고따{kaccānagotta, 가전연}가 세존{bhagavant, 존귀한 분}께 다가가 절을 올리고 한쪽에 앉아 여쭈었습니다.

세존{bhagavant, 존귀한 분}이시여

사람들이 바른-견해{sammādiṭṭhi, 정견}라고 말합니다.

바른-견해{sammādiṭṭhi, 정견}는 무엇입니까.

세존{bhagavant, 존귀한 분}께서 말씀하셨습니다.

가짜나야

이 세상은 대부분 있음{atthitā, 유}과 없음{natthitā, 무}이라는 두 가지 극단에 의지하고 있다.

그러나 바른-지혜{sammappaññā, 정혜}로 세상의 일어남{samudaya, 발생}을 있는 그대로 보는 사람에게는 세상에 대해 없음{natthitā, 무}이라는 생각이 일어나지 않는다.

바른-지혜{sammappaññā, 정혜}로 세상의 소멸{nirodha, 사라짐}을 있는 그대로 보는 사람에게는 세상에 대해 있음{atthitā, 유}이라는 생각이 일어나지 않는다.

가짜나야

이 세상은 대부분 결박{upadhi, 얽매임}과 집착{upādāna, 취}과 고집{abhinivesa, 편착}에 묶여 있다.

그러나 수행자는 이러한 마음의 고집{adhiṭṭhāna, 주착}과 편견과 잠재-성향{anusaya, 수면}에 사로잡히지 않고 집착{upādāna, 취}하지 않으며 나의 자아{attā, 불변의 실체}라고 결론짓지 않는다.

일어나는 것은 괴로움{dukkha, 불만족과 고통}이 일어나는 것이고

사라지는 것은 괴로움{dukkha, 불만족과 고통}이 소멸{nirodha, 사라짐}하는 것임을 의심하지 않고 헷갈리지 않는다.

이에 대해 다른 사람에게 의존하지 않고 스스로 앎{ñāṇa, 지혜}이 있다.

가짜나야

이것이 바른-견해{sammādiṭṭhi, 정견}이다.

모든 것은 있다{sabbaṁ atthi, 일체유}고 하는 것은 첫 번째 극단이다.

모든 것은 없다{sabbaṁ natthi, 일체무}고 하는 것은 두 번째 극단이다.

여래{tathāgata, 진리에 이른 분}는 이 두 가지 극단을 떠나 중도{majjhima, 중간의 길}로써 법{dhamma, 진리}을 설한다.

무명{avijjā, 어리석음}을 조건으로 행{saṅkhārā, 형성체}들이 생겨나고

행{saṅkhārā, 형성체}들을 조건으로 식{viññāṇa, 분별하는 앎}이 생겨나며

이와 같이 하여 이 전체 괴로움의-무더기{dukkhakkhandha, 고온}가 발생한다.

그러나 무명{avijjā, 어리석음}이 남김없이 빛바래어 소멸{nirodha, 사라짐}하면 행{saṅkhārā, 형성체}들이 소멸{nirodha, 사라짐}하고

행{saṅkhārā, 형성체}들이 소멸{nirodha, 사라짐}하면 식{viññāṇa, 분별하는 앎}이 소멸{nirodha, 사라짐}하며

이와 같이 하여 이 전체 괴로움의-무더기{dukkhakkhandha, 고온}가 소멸{nirodha, 사라짐}한다."
"갈대다발경","[[ SN 12.67 ]]
[[ 갈대다발-경{naḷakalāpīsutta, 노속경} ]]

한때 존자-사리뿟따{sāriputta, 사리불}와 존자-마하꼬딭타{mahākoṭṭhika, 대구치라}는 바라나시 근처 이시빠따나의 사슴-동산{migadāya, 녹야원}에 머물고 있었습니다.

그때 존자-마하꼬딭타{mahākoṭṭhika, 대구치라}는 저녁 무렵 홀로-선정{paṭisallāna, 독처선정}에서 깨어나 존자-사리뿟따{sāriputta, 사리불}가 있는 곳으로 찾아갔습니다.

그들은 서로 다정하게 인사를 나누고 안부를 묻는 대화가 끝나자 한쪽에 앉았습니다.

한쪽에 앉은 존자-마하꼬딭타{mahākoṭṭhika, 대구치라}는 존자-사리뿟따{sāriputta, 사리불}에게 이렇게 말했습니다.

벗 사리뿟따여

늙음과-죽음{jarāmaraṇa, 노사}은 스스로 만든 것입니까 아니면 남이 만든 것입니까 아니면 스스로와 남이 함께 만든 것입니까 아니면 스스로 만든 것도 아니고 남이 만든 것도 없이 원인-없이-생겨남{adhiccasamuppanna, 무인우연발생}입니까.

존자-사리뿟따{sāriputta, 사리불}는 벗 꼬딭타여 늙음과-죽음{jarāmaraṇa, 노사}은 스스로 만든 것도 아니고 남이 만든 것도 아니며 스스로와 남이 함께 만든 것도 아니고 원인-없이-생겨남{adhiccasamuppanna, 무인우연발생} 또한 아니라고 답했습니다.

그리고 오직 태어남{jāti, 생}을 조건으로 하여 늙음과-죽음{jarāmaraṇa, 노사}이 있게 된다고 설명했습니다.

존자-마하꼬딭타{mahākoṭṭhika, 대구치라}는 다시 태어남{jāti, 생}은 스스로 만든 것인지 남이 만든 것인지 혹은 쌍방이 만든 것인지 아니면 원인-없이-생겨남{adhiccasamuppanna, 무인우연발생}인지 물었고 존자-사리뿟따{sāriputta, 사리불}는 태어남{jāti, 생} 역시 존재{bhava, 유}를 조건으로 하여 일어난다고 답했습니다.

이어서 존재{bhava, 유}와 집착{upādāna, 취}과 갈애{taṇhā, 애}와 느낌{vedanā, 수}과 접촉{phassa, 촉}과 여섯-감각장소{saḷāyatana, 육입}에 대해서도 똑같은 문답이 진행되었습니다.

존자-마하꼬딭타{mahākoṭṭhika, 대구치라}는 정신-물질{nāmarūpa, 명색}은 스스로 만든 것인지 남이 만든 것인지 혹은 쌍방이 만든 것인지 아니면 원인-없이-생겨남{adhiccasamuppanna, 무인우연발생}인지 물었습니다.

존자-사리뿟따{sāriputta, 사리불}는 정신-물질{nāmarūpa, 명색}은 그 어떤 것도 아니며 오직 식{viññāṇa, 분별하는 앎}을 조건으로 하여 정신-물질{nāmarūpa, 명색}이 존재한다고 답했습니다.

그러자 존자-마하꼬딭타{mahākoṭṭhika, 대구치라}는 식{viññāṇa, 분별하는 앎}은 스스로 만든 것인지 남이 만든 것인지 혹은 쌍방이 만든 것인지 아니면 원인-없이-생겨남{adhiccasamuppanna, 무인우연발생}인지 다시 물었고 존자-사리뿟따{sāriputta, 사리불}는 식{viññāṇa, 분별하는 앎} 역시 정신-물질{nāmarūpa, 명색}을 조건으로 하여 존재한다고 답했습니다.

이에 존자-마하꼬딭타{mahākoṭṭhika, 대구치라}는 방금 전에는 식{viññāṇa, 분별하는 앎}을 조건으로 정신-물질{nāmarūpa, 명색}이 있다고 하고 이제는 정신-물질{nāmarūpa, 명색}을 조건으로 식{viññāṇa, 분별하는 앎}이 있다고 하니 이 말씀의 의미를 어떻게 이해해야 하는지 의문을 제기했습니다.

존자-사리뿟따{sāriputta, 사리불}는 현명한 이들은 비유를 통해 의미를 명확히 깨닫는다며 하나의 비유를 들었습니다.

그것은 마치 두 개의 갈대-다발{naḷakalāpī, 갈대 묶음}이 서로를 의지하여 서 있는 것과 같습니다.

이와 같이 정신-물질{nāmarūpa, 명색}을 조건으로 식{viññāṇa, 분별하는 앎}이 있고

식{viññāṇa, 분별하는 앎}을 조건으로 정신-물질{nāmarūpa, 명색}이 있으며

정신-물질{nāmarūpa, 명색}을 조건으로 여섯-감각장소{saḷāyatana, 육입}가 생기고

여섯-감각장소{saḷāyatana, 육입}를 조건으로 접촉{phassa, 촉}이 생기며

이와 같은 연쇄를 통해 이 모든 괴로움의-무더기{dukkhakkhandha, 고온}가 발생하게 됩니다.

만약 그 갈대-다발{naḷakalāpī, 갈대 묶음} 중에서 하나를 끌어당겨 치우면 다른 하나가 쓰러지고 다른 하나를 끌어당겨 치우면 남은 하나가 쓰러지는 것과 같습니다.

이와 같이 정신-물질{nāmarūpa, 명색}이 소멸{nirodha, 사라짐}하면 식{viññāṇa, 분별하는 앎}이 소멸{nirodha, 사라짐}하고

식{viññāṇa, 분별하는 앎}이 소멸{nirodha, 사라짐}하면 정신-물질{nāmarūpa, 명색}이 소멸{nirodha, 사라짐}하며

정신-물질{nāmarūpa, 명색}이 소멸{nirodha, 사라짐}하면 여섯-감각장소{saḷāyatana, 육입}가 소멸{nirodha, 사라짐}하고

여섯-감각장소{saḷāyatana, 육입}가 소멸{nirodha, 사라짐}하면 접촉{phassa, 촉}이 소멸{nirodha, 사라짐}하여 결국 이 모든 괴로움의-무더기{dukkhakkhandha, 고온}가 완전히 소멸{nirodha, 사라짐}하게 됩니다.

존자-마하꼬딭타{mahākoṭṭhika, 대구치라}는 이 가르침에 크게 경탄하며 참으로 훌륭한-말씀{subhāsita, 선설}이라고 찬탄했습니다.

그리고 서른여섯 가지 근거를 제시하며 전적인 동의를 표했습니다.

만약 어떤 수행자가 늙음과-죽음{jarāmaraṇa, 노사}에 대해 싫어하여-떠남{nibbidā, 염오}과 탐욕의-빛바램{virāga, 이탐}과 소멸{nirodha, 사라짐}을 위해 법{dhamma, 진리}을 설한다면 그는 진정 법을-설하는-수행자{dhammakathika, 법사}라고 부르기에 마땅합니다.

만약 늙음과-죽음{jarāmaraṇa, 노사}의 싫어하여-떠남{nibbidā, 염오}과 탐욕의-빛바램{virāga, 이탐}과 소멸{nirodha, 사라짐}을 위해 실천한다면 그는 진정 법에-알맞게-실천하는-수행자{dhammānudhammappaṭipanna, 법수법행자}라고 부르기에 마땅합니다.

만약 늙음과-죽음{jarāmaraṇa, 노사}의 싫어하여-떠남{nibbidā, 염오}과 탐욕의-빛바램{virāga, 이탐}과 소멸{nirodha, 사라짐}을 통해 집착{upādāna, 취} 없이 해탈{vimutti, 벗어남}을 이루었다면 그는 진정 현생에서 열반{nibbāna, 완전한 꺼짐}을 성취한 수행자라고 부르기에 마땅합니다.

이러한 이치는 태어남{jāti, 생}과 존재{bhava, 유}와 집착{upādāna, 취}과 갈애{taṇhā, 애}와 느낌{vedanā, 수}과 접촉{phassa, 촉}과 여섯-감각장소{saḷāyatana, 육입}와 정신-물질{nāmarūpa, 명색}과 식{viññāṇa, 분별하는 앎}뿐만 아니라 행{saṅkhārā, 형성체}들과 무명{avijjā, 어리석음}에 이르기까지 똑같이 적용됩니다.

무명{avijjā, 어리석음}의 싫어하여-떠남{nibbidā, 염오}과 탐욕의-빛바램{virāga, 이탐}과 소멸{nirodha, 사라짐}을 위해 법{dhamma, 진리}을 설하고 실천하며 집착{upādāna, 취} 없이 해탈{vimutti, 벗어남}한 수행자야말로 진정으로 법을-설하는-수행자{dhammakathika, 법사}이고 법에-알맞게-실천하는-수행자{dhammānudhammappaṭipanna, 법수법행자}이며 현생에서 열반{nibbāna, 완전한 꺼짐}을 성취한 수행자라고 기쁘게 찬탄하며 대화를 마쳤습니다."
"대인연경","[[ DN 15 ]]
[[ 대인연-경{mahānidānasutta, 대인연경} ]]

이와 같이 나는 들었습니다.

한때 세존{bhagavant, 존귀한 분}께서는 꾸루 국의 깜마사담마라는 꾸루족의 마을에 머물고 계셨습니다.

그때 존자-아난다{āyasmant ānanda, 아난다 존자}가 세존{bhagavant, 존귀한 분}께 다가가 절을 올리고 한쪽에 앉았습니다.

한쪽에 앉은 존자-아난다{āyasmant ānanda, 아난다 존자}는 세존{bhagavant, 존귀한 분}께 이렇게 말씀드렸습니다.

세존{bhagavant, 존귀한 분}이시여 참으로 놀랍고 경이롭습니다.

이 연기{paṭiccasamuppāda, 조건에 따라 생겨남}는 참으로 깊고 깊게 보이지만 제게는 아주 명백하고 분명하게 느껴집니다.

세존{bhagavant, 존귀한 분}께서 말씀하셨습니다.

아난다여 그렇게 말하지 말라.

아난다여 그렇게 말하지 말라.

이 연기{paṭiccasamuppāda, 조건에 따라 생겨남}는 깊고 깊게 보인다.

이 법{dhamma, 가르침}을 깨닫지 못하고 꿰뚫지 못하기 때문에 이 중생들은 실타래가 얽힌 것처럼 엉키고 실뭉치처럼 묶이며 갈대와 부들처럼 뒤엉켜 비참한 곳, 괴로운 곳, 파멸의 처소인 윤회{saṁsāra, 끝없는 방황}를 벗어나지 못한다.

아난다여 늙음과-죽음{jarāmaraṇa, 노사}에 구체적인 조건이 있느냐고 묻는다면 조건이 있다고 답해야 한다.

무엇이 늙음과-죽음{jarāmaraṇa, 노사}의 조건이냐고 묻는다면 태어남{jāti, 생}을 조건으로 늙음과-죽음{jarāmaraṇa, 노사}이 있다고 답해야 한다.

태어남{jāti, 생}에 구체적인 조건이 있느냐고 묻는다면 조건이 있다고 답해야 하며 존재{bhava, 유}를 조건으로 태어남{jāti, 생}이 있다고 답해야 한다.

존재{bhava, 유}의 조건은 집착{upādāna, 취}이고

집착{upādāna, 취}의 조건은 갈애{taṇhā, 애}이며

갈애{taṇhā, 애}의 조건은 느낌{vedanā, 수}이고

느낌{vedanā, 수}의 조건은 접촉{phassa, 촉}이며

접촉{phassa, 촉}의 조건은 정신-물질{nāmarūpa, 명색}이고

정신-물질{nāmarūpa, 명색}의 조건은 식{viññāṇa, 분별하는 앎}이며

식{viññāṇa, 분별하는 앎}의 조건은 정신-물질{nāmarūpa, 명색}이다.

이와 같이 정신-물질{nāmarūpa, 명색}을 조건으로 식{viññāṇa, 분별하는 앎}이 있고

식{viññāṇa, 분별하는 앎}을 조건으로 정신-물질{nāmarūpa, 명색}이 있으며

정신-물질{nāmarūpa, 명색}을 조건으로 접촉{phassa, 촉}이 있고

접촉{phassa, 촉}을 조건으로 느낌{vedanā, 수}이 있으며

느낌{vedanā, 수}을 조건으로 갈애{taṇhā, 애}가 있고

갈애{taṇhā, 애}를 조건으로 집착{upādāna, 취}이 있으며

집착{upādāna, 취}을 조건으로 존재{bhava, 유}가 있고

존재{bhava, 유}를 조건으로 태어남{jāti, 생}이 있으며

태어남{jāti, 생}을 조건으로 늙음과-죽음{jarāmaraṇa, 노사}과 근심{soka, 슬픔}·탄식{parideva, 울부짖음}·육체적-괴로움{dukkha, 고}·정신적-고통{domanassa, 불만}·절망{upāyāsa, 낙담}이 생겨난다.

이와 같이 하여 이 전체 괴로움의-무더기{dukkhakkhandha, 고온}가 발생한다.

태어남{jāti, 생}을 조건으로 늙음과-죽음{jarāmaraṇa, 노사}이 있다고 한 것은 이런 이유로 이해해야 한다.

아난다여 만약 신이나 신선, 영적인 존재나 인간, 네 발 달린 짐승이나 새, 기어 다니는 파충류 등 그 어떤 중생에게도 그 어떤 세계에서도 태어남{jāti, 생}이 전혀 없다면 태어남{jāti, 생}이 완전히 소멸했을 때 늙음과-죽음{jarāmaraṇa, 노사}이 발견되겠는가.

아닙니다 세존{bhagavant, 존귀한 분}이시여.

그러므로 태어남{jāti, 생}이야말로 늙음과-죽음{jarāmaraṇa, 노사}의 원인이자 출처이고 발생처이며 조건이다.

존재{bhava, 유}를 조건으로 태어남{jāti, 생}이 있다는 것도 같은 이치이다.

감각적 욕망의 세계의 존재나 물질이 있는 세계의 존재, 혹은 물질이 없는 세계의 존재 등 존재{bhava, 유}가 전혀 없다면 존재{bhava, 유}의 소멸로써 태어남{jāti, 생}이 존재하겠는가.

아닙니다 세존{bhagavant, 존귀한 분}이시여.

그러므로 존재{bhava, 유}야말로 태어남{jāti, 생}의 조건이다.

감각적-욕망에-대한-집착{kāmupādāna, 욕취}이나 견해에-대한-집착{diṭṭhupādāna, 견취}, 규범과-금기에-대한-집착{sīlabbatupādāna, 계금취}, 자아의-교설에-대한-집착{attavādupādāna, 아어취} 등 집착{upādāna, 취}이 전혀 없다면 집착{upādāna, 취}의 소멸로써 존재{bhava, 유}가 존재하겠는가.

아닙니다 세존{bhagavant, 존귀한 분}이시여.

그러므로 집착{upādāna, 취}이야말로 존재{bhava, 유}의 조건이다.

형색, 소리, 냄새, 맛, 감촉, 마음의 대상에 대한 갈애{taṇhā, 애}가 전혀 없다면 갈애{taṇhā, 애}의 소멸로써 집착{upādāna, 취}이 존재하겠는가.

아닙니다 세존{bhagavant, 존귀한 분}이시여.

그러므로 갈애{taṇhā, 애}야말로 집착{upādāna, 취}의 조건이다.

눈, 귀, 코, 혀, 몸, 마음{mano, 지각하는 의식}의 접촉{phassa, 촉}에서 생긴 느낌{vedanā, 수}이 전혀 없다면 느낌{vedanā, 수}의 소멸로써 갈애{taṇhā, 애}가 존재하겠는가.

아닙니다 세존{bhagavant, 존귀한 분}이시여.

그러므로 느낌{vedanā, 수}이야말로 갈애{taṇhā, 애}의 조건이다.

아난다여 이와 같이 느낌{vedanā, 수}을 조건으로 갈애{taṇhā, 애}가 생기고

갈애{taṇhā, 애}를 조건으로 추구{pariyesanā, 구함}가 생기며

추구{pariyesanā, 구함}를 조건으로 얻음{lābha, 획득}이 생기고

얻음{lābha, 획득}을 조건으로 판단{vinicchaya, 분별}이 생기며

판단{vinicchaya, 분별}을 조건으로 열망과-탐욕{chandarāga, 욕탐}이 생기고

열망과-탐욕{chandarāga, 욕탐}을 조건으로 집착과-몰두{ajjhosāna, 착념}가 생기며

집착과-몰두{ajjhosāna, 착념}를 조건으로 소유{pariggaha, 움켜쥠}가 생기고

소유{pariggaha, 움켜쥠}를 조건으로 인색{macchariya, 아까워함}이 생기며

인색{macchariya, 아까워함}을 조건으로 수호{ārakkha, 지킴}가 생긴다.

이 수호{ārakkha, 지킴} 때문에 몽둥이를 들고 칼을 들며 싸움, 말다툼, 논쟁, 구설, 중상비방, 거짓말 등 수많은 사악하고 해로운 법들이 발생하게 된다.

만약 수호{ārakkha, 지킴}가 전혀 없다면 수호{ārakkha, 지킴}의 소멸로써 이러한 해로운 일들이 일어나겠는가.

아닙니다 세존{bhagavant, 존귀한 분}이시여.

그러므로 수호{ārakkha, 지킴}야말로 이러한 사악한 법들의 조건이다.

인색{macchariya, 아까워함}이 없으면 수호{ārakkha, 지킴}가 없고

소유{pariggaha, 움켜쥠}가 없으면 인색{macchariya, 아까워함}이 없으며

집착과-몰두{ajjhosāna, 착념}가 없으면 소유{pariggaha, 움켜쥠}가 없고

열망과-탐욕{chandarāga, 욕탐}이 없으면 집착과-몰두{ajjhosāna, 착념}가 없으며

판단{vinicchaya, 분별}이 없으면 열망과-탐욕{chandarāga, 욕탐}이 없고

얻음{lābha, 획득}이 없으면 판단{vinicchaya, 분별}이 없으며

추구{pariyesanā, 구함}가 없으면 얻음{lābha, 획득}이 없고

갈애{taṇhā, 애}가 없으면 추구{pariyesanā, 구함}가 없다.

아난다여 이와 같이 이 두 가지 법{dhamma, 가르침}은 느낌{vedanā, 수}이라는 한 곳에서 만나 결합하게 된다.

접촉{phassa, 촉}을 조건으로 느낌{vedanā, 수}이 있다는 것은 눈, 귀, 코, 혀, 몸, 마음{mano, 지각하는 의식}의 접촉{phassa, 촉}이 완전히 소멸했을 때 느낌{vedanā, 수}이 존재할 수 없으므로 접촉{phassa, 촉}이 느낌{vedanā, 수}의 조건이다.

정신-물질{nāmarūpa, 명색}을 조건으로 접촉{phassa, 촉}이 있다는 것은 다음과 같다.

정신-물질{nāmarūpa, 명색}에서 정신적인 부분을 이루는 특징이나 징표, 속성들이 전혀 없다면 육체적인 부분에서 개념적-접촉{adhivacanasaṁphassa, 명칭접촉}이 나타나겠는가.

아닙니다 세존{bhagavant, 존귀한 분}이시여.

반대로 육체적인 부분을 이루는 속성들이 전혀 없다면 정신적인 부분에서 부딪힘의-접촉{paṭighasaṁphassa, 저항접촉}이 나타나겠는가.

아닙니다 세존{bhagavant, 존귀한 분}이시여.

정신과 물질의 특징이 둘 다 전혀 없다면 개념적-접촉{adhivacanasaṁphassa, 명칭접촉}이나 부딪힘의-접촉{paṭighasaṁphassa, 저항접촉}이 모두 존재하겠는가.

아닙니다 세존{bhagavant, 존귀한 분}이시여.

그러므로 정신-물질{nāmarūpa, 명색}이야말로 접촉{phassa, 촉}의 조건이다.

식{viññāṇa, 분별하는 앎}을 조건으로 정신-물질{nāmarūpa, 명색}이 있다는 것은 만약 식{viññāṇa, 분별하는 앎}이 어머니의 모태에 내려앉지 않는다면 정신-물질{nāmarūpa, 명색}이 모태에서 엉겨 붙어 자라나겠는가.

아닙니다 세존{bhagavant, 존귀한 분}이시여.

만약 식{viññāṇa, 분별하는 앎}이 모태에 내려앉았다가 다시 떠나가 버린다면 정신-물질{nāmarūpa, 명색}이 이 세상에 태어날 수 있겠는가.

아닙니다 세존{bhagavant, 존귀한 분}이시여.

만약 어린아이의 식{viññāṇa, 분별하는 앎}이 끊어져 버린다면 정신-물질{nāmarūpa, 명색}이 자라나고 번성하며 성숙하겠는가.

아닙니다 세존{bhagavant, 존귀한 분}이시여.

그러므로 식{viññāṇa, 분별하는 앎}이야말로 정신-물질{nāmarūpa, 명색}의 조건이다.

또한 식{viññāṇa, 분별하는 앎}이 정신-물질{nāmarūpa, 명색}에 의지하여 발붙임을 얻지 못한다면 미래에 태어남{jāti, 생}과 늙음과-죽음{jarāmaraṇa, 노사}이라는 괴로움의 원인이 나타나겠는가.

아닙니다 세존{bhagavant, 존귀한 분}이시여.

그러므로 정신-물질{nāmarūpa, 명색}이야말로 식{viññāṇa, 분별하는 앎}의 조건이다.

아난다여 사람이 태어나고 늙고 죽고 사후에 다른 곳으로 옮겨가거나 다시 나타나는 한계는 이르는 데까지이다.

즉 명칭의 길, 언어의 길, 개념의 길, 통찰의 영역이자 존재를 설명하기 위해 윤회{saṁsāra, 끝없는 방황}의 바퀴가 도는 범위는 여기까지이니

곧 식{viññāṇa, 분별하는 앎}과 더불어 서로가 서로의 조건이 되어 함께 작용하는 정신-물질{nāmarūpa, 명색}이 있을 때까지이다.

아난다여 자아의-개념화{attapaññatti, 자아 표방}를 행하는 사람들은 어떻게 자아{attā, 불변의 실체}를 표방하는가.

어떤 이들은 자아{attā, 불변의 실체}를 물질적이고 유한하다고 표방하며 내 자아{attā, 불변의 실체}는 형태를 가졌고 유한하다고 말한다.

어떤 이들은 자아{attā, 불변의 실체}를 물질적이고 무한하다고 표방하며 내 자아{attā, 불변의 실체}는 형태를 가졌고 무한하다고 말한다.

어떤 이들은 자아{attā, 불변의 실체}를 비물질적이고 유한하다고 표방하며 내 자아{attā, 불변의 실체}는 형태가 없고 유한하다고 말한다.

어떤 이들은 자아{attā, 불변의 실체}를 비물질적이고 무한하다고 표방하며 내 자아{attā, 불변의 실체}는 형태가 없고 무한하다고 말한다.

그들은 현재에 그렇게 표방하거나 미래에 그렇게 될 것이라고 믿거나 혹은 그렇지 않더라도 그렇게 되도록 수단과 조건을 마련하겠다고 생각한다.

이처럼 자아{attā, 불변의 실체}를 유한하거나 무한하게 물질적이거나 비물질적으로 보는 견해{diṭṭhi, 생각의 틀}가 그들 내면에 잠재해 있게 된다.

자아의-개념화{attapaññatti, 자아 표방}를 행하는 방식은 이와 같다.

아난다여 자아의-개념화{attapaññatti, 자아 표방}를 행하지 않는 사람들은 어떻게 자아{attā, 불변의 실체}를 표방하지 않는가.

그들은 자아{attā, 불변의 실체}를 물질적이고 유한하다고 보지 않으며 물질적이고 무한하다고 보지 않고 비물질적이고 유한하다고 보지 않으며 비물질적이고 무한하다고 보지 않는다.

그들은 현재나 미래에 자아{attā, 불변의 실체}가 그렇게 존재하리라 여기지 않으며 그렇게 만들겠다고 생각하지도 않는다.

그리하여 자아{attā, 불변의 실체}를 특정한 형태로 규정하는 견해{diṭṭhi, 생각의 틀}들이 그들 내면에 쌓이거나 잠재하지 않게 된다.

자아의-개념화{attapaññatti, 자아 표방}를 행하지 않는 방식은 이와 같다.

아난다여 자아의-관찰{attasamanupassanā, 자아에 대한 주시}을 행하는 이들은 어떻게 관찰하는가.

어떤 이들은 느낌{vedanā, 수}을 자아{attā, 불변의 실체}로 관찰하며 느낌{vedanā, 수}이 바로 나의 자아{attā, 불변의 실체}라고 말한다.

어떤 이들은 느낌{vedanā, 수}은 절대 나의 자아{attā, 불변의 실체}가 아니며 나의 자아{attā, 불변의 실체}는 느낌{vedanā, 수}을 경험하지 않는다고 관찰한다.

어떤 이들은 느낌{vedanā, 수}이 나의 자아{attā, 불변의 실체}는 아니지만 자아{attā, 불변의 실체}가 느낌{vedanā, 수}을 느끼지 않는 것도 아니며 나의 자아{attā, 불변의 실체}는 느끼는 성품을 지녔기 때문에 스스로 느낀다고 관찰한다.

그중 느낌{vedanā, 수}이 나의 자아{attā, 불변의 실체}라고 말하는 사람에게는 이렇게 물어야 한다.

벗이여 즐거운 느낌{sukhavedanā, 락수}, 괴로운 느낌{dukkhavedanā, 고수}, 괴롭지도 즐겁지도 않은 느낌{adukkhamasukhavedanā, 불고불락수}이라는 세 가지 느낌{vedanā, 수}이 있다.

이 세 가지 느낌{vedanā, 수} 중에서 어떤 것을 자아{attā, 불변의 실체}로 관찰하는가.

아난다여 즐거운 느낌{sukhavedanā, 락수}을 느낄 때는 괴로운 느낌{dukkhavedanā, 고수}이나 그 어떤 다른 느낌{vedanā, 수}도 느끼지 않으며 오직 즐거운 느낌{sukhavedanā, 락수}만을 느낀다.

괴로운 느낌{dukkhavedanā, 고수}을 느낄 때나 괴롭지도 즐겁지도 않은 느낌{adukkhamasukhavedanā, 불고불락수}을 느낄 때도 마찬가지로 오직 그 하나의 느낌{vedanā, 수}만을 느끼게 된다.

그런데 즐거운 느낌{sukhavedanā, 락수}도 괴로운 느낌{dukkhavedanā, 고수}도 괴롭지도 즐겁지도 않은 느낌{adukkhamasukhavedanā, 불고불락수}도 모두 무상{anicca, 변하고 머무름이 없음}하고 형성된 것이며 연기{paṭiccasamuppāda, 조건에 따라 생겨남}된 것이고 멸해 가고 사라져 가며 탐욕의-빛바램{virāga, 이탐}과 소멸{nirodha, 사라짐}의 성질을 지니고 있다.

어떤 느낌{vedanā, 수}을 느낄 때 이것이 내 자아{attā, 불변의 실체}라고 여기다가 그 느낌{vedanā, 수}이 소멸{nirodha, 사라짐}하면 내 자아{attā, 불변의 실체}가 사라졌다고 생각하게 된다.

그러므로 현재 이 삶 속에서 무상{anicca, 변하고 머무름이 없음}하고 즐거움과 괴로움이 뒤섞여 일어났다 사라지는 느낌{vedanā, 수}을 자아{attā, 불변의 실체}라고 관찰하는 것은 타당하지 않다.

또한 느낌{vedanā, 수}은 절대 자아{attā, 불변의 실체}가 아니며 자아{attā, 불변의 실체}는 느낌{vedanā, 수}을 경험하지 않는다고 말하는 사람에게는 아무런 느낌{vedanā, 수}도 느껴지지 않는 곳에서 과연 내가 있다라는 생각이 일어날 수 있겠느냐고 물어야 한다.

그럴 수 없습니다 세존{bhagavant, 존귀한 분}이시여.

그러므로 느낌{vedanā, 수}을 경험하지 않는 것을 자아{attā, 불변의 실체}라고 관찰하는 것 역시 타당하지 않다.

마지막으로 자아{attā, 불변의 실체}는 느끼는 성품을 지녔다고 말하는 사람에게는 만약 느낌{vedanā, 수}이 전혀 남김없이 완전히 소멸{nirodha, 사라짐}했을 때 과연 거기에 이것이 나다라는 생각이 존재할 수 있겠느냐고 물어야 한다.

그럴 수 없습니다 세존{bhagavant, 존귀한 분}이시여.

그러므로 느끼는 성품을 지닌 것을 자아{attā, 불변의 실체}라고 관찰하는 것 또한 타당하지 않다.

아난다여 이와 같이 수행자가 느낌{vedanā, 수}을 자아{attā, 불변의 실체}로 보지 않고 자아{attā, 불변의 실체}가 느낌{vedanā, 수}을 느끼지 않는다고 보지 않으며 느끼는 성품을 지녔다고 보지 않게 될 때 그는 세상의 그 어떤 것에도 집착{upādāna, 취}하지 않는다.

집착{upādāna, 취}하지 않으므로 두려워하거나 불안해하지 않으며 불안해하지 않으므로 스스로 완전한 열반{nibbāna, 탐진치의 완전한 소멸}에 든다.

그는 태어남{jāti, 생}은 다했고 청정-범행{brahmacariya, 청정한 삶}은 성취되었으며 할 일을 다 마쳤으니 다시는 이런 존재 상태로 돌아오지 않는다고 분명히 안다.

이와 같이 마음{citta, 사유하는 정신}이 해탈{vimutti, 벗어남}한 수행자에게 여래{tathāgata, 진리에 이른 분}는 사후에 존재하는가 존재하지 않는가 존재하면서 존재하지 않는가 존재하지도 않고 존재하지 않는 것도 아닌가라는 견해{diṭṭhi, 생각의 틀}를 적용하는 것은 옳지 않다.

왜냐하면 명칭과 명칭의 영역, 언어와 언어의 영역, 개념과 개념의 영역, 지혜{paññā, 통찰}와 지혜{paññā, 통찰}의 영역, 윤회{saṁsāra, 끝없는 방황}와 윤회{saṁsāra, 끝없는 방황}의 순환이 미치는 한계까지를 직접 다 알고 해탈{vimutti, 벗어남}한 수행자이기 때문이다.

그러한 수행자를 두고 알지 못한다거나 보지 못한다는 견해{diṭṭhi, 생각의 틀}를 갖는 것은 결코 올바르지 않다.

아난다여 일곱 가지 식의-머묾{viññāṇaṭṭhiti, 식주}과 두 가지 장소{āyatana, 처}가 있다.

일곱 가지란 첫째로 인간이나 일부 신들, 파멸 처소의 존재들처럼 몸{kāya, 신체}도 다르고 지각{saññā, 표상}도 다른 중생들의 영역이다.

둘째로 초선천에 처음 태어난 범중천의 신들처럼 몸{kāya, 신체}은 다르지만 지각{saññā, 표상}은 하나인 중생들의 영역이다.

셋째로 광음천의 신들처럼 몸{kāya, 신체}은 같으나 지각{saññā, 표상}이 다른 중생들의 영역이다.

넷째로 변정천의 신들처럼 몸{kāya, 신체}도 같고 지각{saññā, 표상}도 하나인 중생들의 영역이다.

다섯째로 물질에-대한-지각{rūpasaññā, 색상}을 완전히 초월하고 저항에-대한-지각{paṭighasaññā, 유대상}을 소멸시켰으며 다양성에-대한-지각{nānattasaññā, 차별상}을 마음에 두지 않고 공간이 무한하다고 여기며 공무변처{ākāsānañcāyatana, 무한공간의 경지}에 도달한 중생들의 영역이다.

여섯째로 공무변처{ākāsānañcāyatana, 무한공간의 경지}를 완전히 초월하여 식{viññāṇa, 분별하는 앎}은 무한하다고 여기며 식무변처{viññāṇañcāyatana, 무한의식의 경지}에 도달한 중생들의 영역이다.

일곱째로 식무변처{viññāṇañcāyatana, 무한의식의 경지}를 완전히 초월하여 아무것도 없다고 여기며 무소유처{ākiñcaññāyatana, 아무것도 없는 경지}에 도달한 중생들의 영역이다.

그리고 두 가지 장소{āyatana, 처}란 무상유정{asaññasatta, 지각이 없는 존재}이라 불리는 지각{saññā, 표상} 없는 중생들의 장소와 비상비비상처{nevasaññānāsaññāyatana, 지각이 있는 것도 아니고 없는 것도 아닌 경지}의 장소를 말한다.

아난다여 이 일곱 가지 식의-머묾{viññāṇaṭṭhiti, 식주}과 두 가지 장소{āyatana, 처}를 분명히 이해하고 그것들의 일어남{samudaya, 발생}과 사라짐{atthaṅgama, 멸함}, 달콤함{assāda, 매력}과 재난{ādīnava, 위험}, 그리고 벗어남{nissaraṇa, 출리}을 아는 사람이라면 과연 그것들을 기뻐하고 즐기겠는가.

아닙니다 세존{bhagavant, 존귀한 분}이시여.

아난다여 수행자가 이 일곱 가지 식의-머묾{viññāṇaṭṭhiti, 식주}과 두 가지 장소{āyatana, 처}의 일어남{samudaya, 발생}과 사라짐{atthaṅgama, 멸함}, 달콤함{assāda, 매력}과 재난{ādīnava, 위험}, 벗어남{nissaraṇa, 출리}을 있는 그대로 알아 집착{upādāna, 취} 없이 해탈{vimutti, 벗어남}할 때 그를 혜해탈{paññāvimutto, 지혜를 통한 해탈}을 이룬 수행자라고 부른다.

아난다여 이 여덟-가지-해탈{aṭṭhavimokkha, 팔해탈}이 있다.

첫째는 물질의 형태를 가진 채 물질을 보는 해탈{vimokkha, 벗어남}이다.

둘째는 안으로 물질이라는 지각{saññā, 표상}이 없으면서 밖으로 물질을 보는 해탈{vimokkha, 벗어남}이다.

셋째는 오직 깨끗함에만 몰두하는 해탈{vimokkha, 벗어남}이다.

넷째는 물질에-대한-지각{rūpasaññā, 색상}을 완전히 초월하고 저항에-대한-지각{paṭighasaññā, 유대상}을 소멸시키며 다양성에-대한-지각{nānattasaññā, 차별상}을 마음에 두지 않고 공간이 무한하다고 여기며 공무변처{ākāsānañcāyatana, 무한공간의 경지}를 성취하여 머무는 해탈{vimokkha, 벗어남}이다.

다섯째는 공무변처{ākāsānañcāyatana, 무한공간의 경지}를 완전히 초월하여 식{viññāṇa, 분별하는 앎}은 무한하다고 여기며 식무변처{viññāṇañcāyatana, 무한의식의 경지}를 성취하여 머무는 해탈{vimokkha, 벗어남}이다.

여섯째는 식무변처{viññāṇañcāyatana, 무한의식의 경지}를 완전히 초월하여 아무것도 없다고 여기며 무소유처{ākiñcaññāyatana, 아무것도 없는 경지}를 성취하여 머무는 해탈{vimokkha, 벗어남}이다.

일곱째는 무소유처{ākiñcaññāyatana, 아무것도 없는 경지}를 완전히 초월하여 비상비비상처{nevasaññānāsaññāyatana, 지각이 있는 것도 아니고 없는 것도 아닌 경지}를 성취하여 머무는 해탈{vimokkha, 벗어남}이다.

여덟째는 비상비비상처{nevasaññānāsaññāyatana, 지각이 있는 것도 아니고 없는 것도 아닌 경지}를 완전히 초월하여 지각과-느낌의-소멸{saññāvedayitanirodha, 상수멸}을 성취하여 머무는 해탈{vimokkha, 벗어남}이다.

아난다여 이 여덟-가지-해탈{aṭṭhavimokkha, 팔해탈}을 순서대로도 들고나며 역순으로도 들고나고 순서와 역순 모두로도 들고나서 원할 때 언제든 원하는 만큼 자유롭게 들고나며, 번뇌{āsava, 오염원}의 소멸{nirodha, 사라짐}을 통해 번뇌{āsava, 오염원} 없는 마음의-해탈{cetovimutti, 심해탈}과 통찰을-통한-해탈{paññāvimutti, 혜해탈}을 현재 이 삶 속에서 스스로 직접 알고 증득하여 머무는 수행자를 양면해탈{ubhatobhāgavimutto, 두 측면 모두로 해탈함}을 이룬 수행자라 부른다.

아난다여 이 양면해탈{ubhatobhāgavimutto, 두 측면 모두로 해탈함}보다 더 훌륭하거나 더 뛰어난 다른 해탈{vimokkha, 벗어남}은 존재하지 않는다.

세존{bhagavant, 존귀한 분}께서 이와 같이 말씀하셨습니다.

존자-아난다{āyasmant ānanda, 아난다 존자}는 기쁜 마음으로 세존{bhagavant, 존귀한 분}의 말씀을 찬탄하고 크게 기뻐했습니다."
"대인연경","[[ SN 12.1 ]]
[[ 연기-경{paṭiccasamuppādasutta, 인연경} ]]

이와 같이 나는 들었습니다.

한때 세존{bhagavant, 존귀한 분}께서는 사왓티{sāvatthī, 사위성} 제타-숲{jetavana, 기수원} 급고독원{anāthapiṇḍikassa ārāma, 아나타핀디카 사원}에 머무셨습니다.

그곳에서 세존{bhagavant, 존귀한 분}께서 비구{bhikkhu, 수행승}들에게 말씀하셨습니다.

비구{bhikkhu, 수행승}들이여.

세존{bhagavant, 존귀한 분}이시여라고 그들이 대답했습니다.

세존{bhagavant, 존귀한 분}께서 이렇게 말씀하셨습니다.

비구{bhikkhu, 수행승}들이여, 나는 그대들에게 연기{paṭiccasamuppāda, 조건에 따라 생겨남}를 가르치겠소.

그것을 잘 듣고 마음에 새기시오, 내가 설하겠소.

그렇게 하겠습니다, 세존{bhagavant, 존귀한 분}이시여라고 비구{bhikkhu, 수행승}들은 대답했습니다.

세존{bhagavant, 존귀한 분}께서 말씀하셨습니다.

비구{bhikkhu, 수행승}들이여, 연기{paṭiccasamuppāda, 조건에 따라 생겨남}란 무엇인가.

무명{avijjā, 어리석음}을 조건으로 행{saṅkhārā, 형성체}들이 생겨나고

행{saṅkhārā, 형성체}들을 조건으로 식{viññāṇa, 분별하는 앎}이 생겨나며

식{viññāṇa, 분별하는 앎}을 조건으로 정신-물질{nāmarūpa, 명색}이 생겨나고

정신-물질{nāmarūpa, 명색}을 조건으로 여섯-감각장소{saḷāyatana, 육입}가 생겨나며

여섯-감각장소{saḷāyatana, 육입}를 조건으로 접촉{phassa, 부딪침}이 생겨나고

접촉{phassa, 부딪침}을 조건으로 느낌{vedanā, 감각}이 생겨나며

느낌{vedanā, 감각}을 조건으로 갈애{taṇhā, 목마른 욕망}가 생겨나고

갈애{taṇhā, 목마른 욕망}를 조건으로 집착{upādāna, 움켜쥠}이 생겨나며

집착{upādāna, 움켜쥠}을 조건으로 존재{bhava, 유}가 생겨나고

존재{bhava, 유}를 조건으로 태어남{jāti, 생}이 생겨나며

태어남{jāti, 생}을 조건으로 늙음과-죽음{jarāmaraṇa, 노사}과 근심{soka, 슬픔}·탄식{parideva, 울부짖음}·육체적-괴로움{dukkha, 고}·정신적-고통{domanassa, 불만}·절망{upāyāsa, 낙담}이 생겨납니다.

이와 같이 모든 괴로움의-무더기{dukkhakkhandha, 고온}가 발생합니다.

비구{bhikkhu, 수행승}들이여, 이것을 연기{paṭiccasamuppāda, 조건에 따라 생겨남}라고 합니다.

그러나 무명{avijjā, 어리석음}이 남김없이 빛바래어 소멸하면 행{saṅkhārā, 형성체}들이 소멸하고

행{saṅkhārā, 형성체}들이 소멸하면 식{viññāṇa, 분별하는 앎}이 소멸하며

식{viññāṇa, 분별하는 앎}이 소멸하면 정신-물질{nāmarūpa, 명색}이 소멸하고

정신-물질{nāmarūpa, 명색}이 소멸하면 여섯-감각장소{saḷāyatana, 육입}가 소멸하며

여섯-감각장소{saḷāyatana, 육입}가 소멸하면 접촉{phassa, 부딪침}이 소멸하고

접촉{phassa, 부딪침}이 소멸하면 느낌{vedanā, 감각}이 소멸하며

느낌{vedanā, 감각}이 소멸하면 갈애{taṇhā, 목마른 욕망}가 소멸하고

갈애{taṇhā, 목마른 욕망}가 소멸하면 집착{upādāna, 움켜쥠}이 소멸하며

집착{upādāna, 움켜쥠}이 소멸하면 존재{bhava, 유}가 소멸하고

존재{bhava, 유}가 소멸하면 태어남{jāti, 생}이 소멸하며

태어남{jāti, 생}이 소멸하면 늙음과-죽음{jarāmaraṇa, 노사}과 근심{soka, 슬픔}·탄식{parideva, 울부짖음}·육체적-괴로움{dukkha, 고}·정신적-고통{domanassa, 불만}·절망{upāyāsa, 낙담}이 소멸합니다.

이와 같이 모든 괴로움의-무더기{dukkhakkhandha, 고온}가 소멸합니다.

이와 같이 세존{bhagavant, 존귀한 분}께서 설하셨습니다.

비구{bhikkhu, 수행승}들은 기뻐하며 세존{bhagavant, 존귀한 분}의 말씀을 크게 기뻐했습니다."
"우파니사경","[[ sn12.23 ]]
[[우파니사경{Upanisasutta, 필연적 조건의 경} ]]

사왓티에 머물고 계셨다.

비구들이여, 

나는 아는 자와 보는 자에게서 번뇌의 소멸을 말하지, 

알지 못하고 보지 못하는 자에게서 번뇌의 소멸을 말하지 않는다.

비구들이여, 무엇을 알고 무엇을 보기에 번뇌의 소멸이 있는가?

이것이 색{rūpa, 물질 현상^1}이다.

이것이 색의 발생이다.

이것이 색의 소멸이다.

이것이 느낌{vedanā, 느낌}이다.

이것이 느낌의 발생이다.

이것이 느낌의 소멸이다.

이것이 지각{saññā, 인식}이다.

이것이 지각의 발생이다.

이것이 지각의 소멸이다.

이것이 행{saṅkhārā, 행위의 의지}이다.

이것이 행의 발생이다.

이것이 행의 소멸이다.

이것이 식{viññāṇa, 앎}이다.

이것이 식의 발생이다.

이것이 식의 소멸이다.

비구들이여, 이와 같이 알고 이와 같이 보는 자에게 번뇌의 소멸이 있다.

비구들이여, 소멸에 대한 앎에도 필연적 조건이 있다고 나는 말한다. 필연적 조건 없이 있는 것이 아니다.

비구들이여, 소멸에 대한 앎의 필연적 조건은 무엇인가?

해탈{vimutti, 풀려남}이라고 말해야 한다.

비구들이여, 해탈에도 필연적 조건이 있다고 나는 말한다.

비구들이여, 해탈의 필연적 조건은 무엇인가?

이욕{virāga, 탐착의 사라짐}이라고 말해야 한다.

비구들이여, 이욕에도 필연적 조건이 있다고 나는 말한다.

비구들이여, 이욕의 필연적 조건은 무엇인가?

염오{nibbidā, 싫어하여 떠남}라고 말해야 한다.

비구들이여, 염오에도 필연적 조건이 있다고 나는 말한다.

비구들이여, 염오의 필연적 조건은 무엇인가?

있는-그대로의-앎과-봄{yathābhūtañāṇadassana, 있는 그대로 아는 통찰}이라고 말해야 한다.

비구들이여, 있는 그대로의 앎과 봄에도 필연적 조건이 있다고 나는 말한다.

비구들이여, 있는 그대로의 앎과 봄의 필연적 조건은 무엇인가?

삼매{samādhi, 마음의 집중}라고 말해야 한다.

비구들이여, 삼매에도 필연적 조건이 있다고 나는 말한다.

비구들이여, 삼매의 필연적 조건은 무엇인가?

즐거움{sukha, 편안한 행복}이라고 말해야 한다.

비구들이여, 즐거움에도 필연적 조건이 있다고 나는 말한다.

비구들이여, 즐거움의 필연적 조건은 무엇인가?

고요함{passaddhi, 가라앉음}이라고 말해야 한다.

비구들이여, 고요함에도 필연적 조건이 있다고 나는 말한다.

비구들이여, 고요함의 필연적 조건은 무엇인가?

희열{pīti, 들뜬 기쁨}이라고 말해야 한다.

비구들이여, 희열에도 필연적 조건이 있다고 나는 말한다.

비구들이여, 희열의 필연적 조건은 무엇인가?

기쁨{pāmojja, 맑은 즐거움}이라고 말해야 한다.

비구들이여, 기쁨에도 필연적 조건이 있다고 나는 말한다.

비구들이여, 기쁨의 필연적 조건은 무엇인가?

믿음{saddhā, 신뢰}이라고 말해야 한다.

비구들이여, 믿음에도 필연적 조건이 있다고 나는 말한다.

비구들이여, 믿음의 필연적 조건은 무엇인가?

괴로움{dukkha, 만족스럽지 않음}이라고 말해야 한다.

비구들이여, 괴로움에도 필연적 조건이 있다고 나는 말한다.

비구들이여, 괴로움의 필연적 조건은 무엇인가?

태어남{jāti, 출생}이라고 말해야 한다.

비구들이여, 태어남에도 필연적 조건이 있다고 나는 말한다.

비구들이여, 태어남의 필연적 조건은 무엇인가?

존재{bhava, 존재의 지속}라고 말해야 한다.

비구들이여, 존재에도 필연적 조건이 있다고 나는 말한다.

비구들이여, 존재의 필연적 조건은 무엇인가?

집착{upādāna, 붙잡음}이라고 말해야 한다.

비구들이여, 집착에도 필연적 조건이 있다고 나는 말한다.

비구들이여, 집착의 필연적 조건은 무엇인가?

갈애{taṇhā, 목마른 욕구}라고 말해야 한다.

비구들이여, 갈애에도 필연적 조건이 있다고 나는 말한다.

비구들이여, 갈애의 필연적 조건은 무엇인가?

느낌이라고 말해야 한다.

접촉{phassa, 부딪침}이라고 말해야 한다.

육입처{saḷāyatana, 여섯 감각 영역}라고 말해야 한다.

명색{nāmarūpa, 정신과 물질}이라고 말해야 한다.

식이라고 말해야 한다.

행이라고 말해야 한다.

비구들이여, 행에도 필연적 조건이 있다고 나는 말한다.

비구들이여, 행의 필연적 조건은 무엇인가?

무명{avijjā, 알지 못함}이라고 말해야 한다.

이와 같이 무명을 조건으로 행이 있고,

행을 조건으로 식이 있으며,

식을 조건으로 명색이 있고,

명색을 조건으로 육입처가 있으며,

육입처를 조건으로 접촉이 있고,

접촉을 조건으로 느낌이 있으며,

느낌을 조건으로 갈애가 있고,

갈애를 조건으로 집착이 있으며,

집착을 조건으로 존재가 있고,

존재를 조건으로 태어남이 있으며,

태어남을 조건으로 괴로움이 있다.

괴로움을 조건으로 믿음이 있고,

믿음을 조건으로 기쁨이 있으며,

기쁨을 조건으로 희열이 있고,

희열을 조건으로 고요함이 있으며,

고요함을 조건으로 즐거움이 있고,

즐거움을 조건으로 삼매가 있으며,

삼매를 조건으로 있는 그대로의 앎과 봄이 있고,

있는 그대로의 앎과 봄을 조건으로 염오가 있으며,

염오를 조건으로 이욕이 있고,

이욕을 조건으로 해탈이 있으며,

해탈을 조건으로 소멸에 대한 앎이 있다.

비구들이여, 
마치 높은 산 위에 큰비가 내리면 그 물이 낮은 곳으로 흘러 산의 골짜기와 틈과 계곡을 채우고, 

그것들이 가득 차면 웅덩이를 채우며, 

웅덩이가 가득 차면 큰 못을 채우고, 

큰 못이 가득 차면 시내를 채우며,

시내가 가득 차면 큰 강을 채우고, 

큰 강이 가득 차면 마침내 큰 바다를 채우는 것과 같다.

그와 같이 무명을 조건으로 행이 있고, 

행을 조건으로 식이 있으며, 

식을 조건으로 명색이 있고, 

명색을 조건으로 육입처가 있으며,

육입처를 조건으로 접촉이 있고, 

접촉을 조건으로 느낌이 있으며, 

느낌을 조건으로 갈애가 있고, 

갈애를 조건으로 집착이 있으며,
 
집착을 조건으로 존재가 있고,
 
존재를 조건으로 태어남이 있으며,

태어남을 조건으로 괴로움이 있다.

또한 괴로움을 조건으로 믿음이 있고, 

믿음을 조건으로 기쁨이 있으며,
 
기쁨을 조건으로 희열이 있고, 

희열을 조건으로 고요함이 있으며, 

고요함을 조건으로 즐거움이 있고,
 
즐거움을 조건으로 삼매가 있으며,
 
삼매를 조건으로 있는 그대로의 앎과 봄이 있고, 

있는 그대로의 앎과 봄을 조건으로 염오가 있으며,

염오를 조건으로 이욕이 있고, 

이욕을 조건으로 해탈이 있으며, 

해탈을 조건으로 소멸에 대한 앎이 있다.

--주석--
^1 루파"
"배우지못한자경","[[ SN 12.61 ]]
[[ 배우지-못한-자-경{assutavāsutta, 미문경} ]]

이와 같이 나는 들었습니다.

한때 세존{bhagavant, 존귀한 분}께서는 사밧티 제타 숲의 아나타핀디카 사원에 머무셨습니다.

거기서 세존{bhagavant, 존귀한 분}께서는 비구{bhikkhu, 수행승}들에게 말씀하셨습니다.

비구{bhikkhu, 수행승}들이여, 배우지-못한-범부{assutavā puthujjana, 가르침을 듣지 못한 범부}는 네-가지-근본-물질{cattāromahābhūtā, 사대원소}로 이루어진 이 몸{kāya, 신체}에 대해서는 싫어하여-떠남{nibbidā, 염오}을 닦고 탐욕의-빛바램{virāga, 이탐}을 닦으며 해탈{vimutti, 벗어남}할 수도 있습니다.

그것은 무슨 까닭입니까.

네-가지-근본-물질{cattāromahābhūtā, 사대원소}로 이루어진 이 몸{kāya, 신체}은 자라나고 줄어들며 생겨나고 무너지는 것이 뚜렷이 보이기 때문입니다.

그러므로 배우지-못한-범부{assutavā puthujjana, 가르침을 듣지 못한 범부}는 몸{kāya, 신체}에 대해서는 싫어하여-떠남{nibbidā, 염오}을 닦고 탐욕의-빛바램{virāga, 이탐}을 닦으며 해탈{vimutti, 벗어남}할 수도 있습니다.

그러나 비구{bhikkhu, 수행승}들이여, 마음{citta, 사유하는 정신}이라 하고 생각{mano, 지각하는 의식}이라 하고 식{viññāṇa, 분별하는 앎}이라고도 하는 이것에 대해서는 배우지-못한-범부{assutavā puthujjana, 가르침을 듣지 못한 범부}가 싫어하여-떠남{nibbidā, 염오}을 닦지도 못하고 탐욕의-빛바램{virāga, 이탐}을 닦지도 못하며 해탈{vimutti, 벗어남}하지도 못합니다.

그것은 무슨 까닭입니까.

오랜 세월 동안 배우지-못한-범부{assutavā puthujjana, 가르침을 듣지 못한 범부}는 이것을 굳게 쥐고 이것은 내 것이다, 이것은 나다, 이것은 나의 자아{attā, 변하지 않는 존재}라고 집착{upādāna, 움켜쥠}해 왔기 때문입니다.

그러므로 배우지-못한-범부{assutavā puthujjana, 가르침을 듣지 못한 범부}는 여기에 대해 싫어하여-떠남{nibbidā, 염오}을 닦지도 못하고 탐욕의-빛바램{virāga, 이탐}을 닦지도 못하며 해탈{vimutti, 벗어남}하지도 못합니다.

비구{bhikkhu, 수행승}들이여, 배우지-못한-범부{assutavā puthujjana, 가르침을 듣지 못한 범부}에게는 차라리 네-가지-근본-물질{cattāromahābhūtā, 사대원소}로 이루어진 이 몸{kāya, 신체}을 자아{attā, 변하지 않는 존재}로 여길지언정 마음{citta, 사유하는 정신}을 자아{attā, 변하지 않는 존재}로 여기지 않는 것이 더 낫습니다.

그것은 무슨 까닭입니까.

네-가지-근본-물질{cattāromahābhūtā, 사대원소}로 이루어진 이 몸{kāya, 신체}은 일 년 동안 머무는 것도 보이고 이 년, 삼 년, 사 년, 오 년, 십 년, 이십 년, 삼십 년, 사십 년, 오십 년, 백 년 동안 머무는 것도 보이며 그보다 더 오래 머무는 것도 보이기 때문입니다.

그러나 마음{citta, 사유하는 정신}이라 하고 생각{mano, 지각하는 의식}이라 하고 식{viññāṇa, 분별하는 앎}이라고도 하는 이것은 밤낮으로 끊임없이 다른 것으로 생겨나고 다른 것으로 소멸합니다.

비구{bhikkhu, 수행승}들이여, 그것은 마치 숲속을 다니는 원숭이가 한 나뭇가지를 붙잡았다가 그것을 놓고 다른 나뭇가지를 붙잡고 다시 그것을 놓고 또 다른 나뭇가지를 붙잡는 것과 같습니다.

비구{bhikkhu, 수행승}들이여, 그와 같이 마음{citta, 사유하는 정신}이라 하고 생각{mano, 지각하는 의식}이라 하고 식{viññāṇa, 분별하는 앎}이라고도 하는 이것은 밤낮으로 끊임없이 다른 것으로 생겨나고 다른 것으로 소멸합니다.

비구{bhikkhu, 수행승}들이여, 여기 배운-성스러운-제자{sutavā ariyasāvaka, 가르침을 들은 성스러운 제자}는 연기{paṭiccasamuppāda, 조건에 따라 생겨남}를 이치에-맞는-생각{yoniso manasikāra, 여리작의}으로 잘 마음에 잡도리합니다.

이것이 있을 때 이것이 있고 이것이 생겨남으로써 이것이 생겨납니다.

이것이 없을 때 이것이 없고 이것이 소멸함으로써 이것이 소멸합니다.

즉 무명{avijjā, 어리석음}을 조건으로 행{saṅkhārā, 형성체}들이 생겨나고

행{saṅkhārā, 형성체}들을 조건으로 식{viññāṇa, 분별하는 앎}이 생겨나며

이러한 과정을 거쳐서 이 모든 괴로움의-무더기{dukkhakkhandha, 고온}가 발생합니다.

그러나 무명{avijjā, 어리석음}이 남김없이 빛바래어 소멸하면 행{saṅkhārā, 형성체}들이 소멸하고

행{saṅkhārā, 형성체}들이 소멸하면 식{viññāṇa, 분별하는 앎}이 소멸하며

마침내 이 모든 괴로움의-무더기{dukkhakkhandha, 고온}가 소멸합니다.

비구{bhikkhu, 수행승}들이여, 이와 같이 보는 배운-성스러운-제자{sutavā ariyasāvaka, 가르침을 들은 성스러운 제자}는

색{rūpa, 물질}에 대해서도 싫어하여-떠남{nibbidā, 염오}을 닦고

수{vedanā, 느낌}에 대해서도 싫어하여-떠남{nibbidā, 염오}을 닦고

상{saññā, 지각}에 대해서도 싫어하여-떠남{nibbidā, 염오}을 닦고

행{saṅkhārā, 형성체}들에 대해서도 싫어하여-떠남{nibbidā, 염오}을 닦고

식{viññāṇa, 분별하는 앎}에 대해서도 싫어하여-떠남{nibbidā, 염오}을 닦습니다.

싫어하여-떠남{nibbidā, 염오}을 닦으면 탐욕의-빛바램{virāga, 이탐}이 있고

탐욕의-빛바램{virāga, 이탐}을 통해 해탈{vimutti, 벗어남}합니다.

해탈{vimutti, 벗어남}했을 때 해탈{vimutti, 벗어남}했다는 지혜{ñāṇa, 앎}가 생겨납니다.

그리하여 태어남은 다했다,

청정-범행{brahmacariya, 청정한 삶}은 성취되었다,

할 일을 다 마쳤다,

다시는 이런 상태로 돌아오지 않을 것이다라고 꿰뚫어 압니다."
"온품","[[ SN 22.104-105 ]]
[[ 괴로움과-유신-경{dukkhasakkāyasutta, 고경과 유신경} ]]

세존{bhagavant, 존귀한 분}께서 싸왓티의 제따와나 아나타삔디까 사원에 머무실 때 비구{bhikkhu, 수행승}들에게 말씀하셨습니다.

비구{bhikkhu, 수행승}들이여

내가

괴로움{dukkha, 불만족과 고통}과

괴로움의-쌓임{samudaya, 괴로움의 원인}과

괴로움의-소멸{nirodha, 괴로움의 사라짐}과

괴로움의-소멸에-이르는-길{magga, 소멸의 경로}을

알려 주겠소.

그대들은 잘 듣도록 하시오.

비구{bhikkhu, 수행승}들이여

괴로움{dukkha, 불만족과 고통}이란 어떤 것인가.

그것은

다섯-가지-집착의-무더기{pañcupādānakkhandhā, 오취온}라고 말할 수 있다오.

비구{bhikkhu, 수행승}들이여

내가

자기-자신{sakkāya, 개별적 존재}과

자기-자신의-쌓임{sakkāyasamudaya, 자기 존재의 원인}과

자기-자신의-소멸{sakkāyanirodha, 자기 존재의 사라짐}과

자기-자신의-소멸에-이르는-길{sakkāyanirodhagāminī paṭipadā, 자기 존재 소멸의 경로}을

알려 주겠소.

그대들은 잘 듣도록 하시오.

비구{bhikkhu, 수행승}들이여

자기-자신{sakkāya, 개별적 존재}이란 어떤 것인가.

그것은

다섯-가지-집착의-무더기{pañcupādānakkhandhā, 오취온}라고 말할 수 있다오.

다섯-가지-집착의-무더기{pañcupādānakkhandhā, 오취온}는 어떤 것들인가.

그것은

물질-집착의-무더기{rūpūpādānakkhandha, 색취온}와

느낌-집착의-무더기{vedanūpādānakkhandha, 수취온}와

지각-집착의-무더기{saññūpādānakkhandha, 상취온}와

형성-집착의-무더기{saṅkhārūpādānakkhandha, 행취온}와

식-집착의-무더기{viññāṇūpādānakkhandha, 식취온}라오.

비구{bhikkhu, 수행승}들이여

이것을 괴로움{dukkha, 불만족과 고통}이라고 한다오.

비구{bhikkhu, 수행승}들이여

괴로움의-쌓임{samudaya, 괴로움의 원인}이란 어떤 것인가.

그것은

환희와 탐욕에 수반하는

여기저기에서 애락하는

새로운-존재로-이끄는{ponobhavika, 다시 태어나게 하는} 갈애{taṇhā, 목마른 욕망}

즉

감각적-욕망에-대한-갈애{kāmataṇhā, 욕애}와

존재에-대한-갈애{bhavataṇhā, 유애}와

존재하지-않음에-대한-갈애{vibhavataṇhā, 무유애}라오.

비구{bhikkhu, 수행승}들이여

이것을 괴로움의-쌓임{samudaya, 괴로움의 원인}이라고 한다오.

비구{bhikkhu, 수행승}들이여

괴로움의-소멸{nirodha, 괴로움의 사라짐}이란 어떤 것인가.

그것은

갈애{taṇhā, 목마른 욕망}의

완전히-빛바래어-소멸함{virāganirodha, 이탐 소멸}과

단념{cāga, 버림}과

사리{paṭinissagga, 놓아버림}와

해탈{mutti, 벗어남}과

집착-없음{anālayo, 애착이 없음}이라오.

비구{bhikkhu, 수행승}들이여

이것을 괴로움의-소멸{nirodha, 괴로움의 사라짐}이라고 한다오.

비구{bhikkhu, 수행승}들이여

괴로움의-소멸에-이르는-길{magga, 소멸의 경로}은 어떤 것인가.

그것은

거룩한-여덟-가지-고결한-길{ariyo aṭṭhaṅgiko maggo, 팔정도}

즉

바른-견해{sammādiṭṭhi, 정견}와

바른-의도{sammāsaṅkappa, 정사유}와

바른-말{sammāvācā, 정어}과

바른-행위{sammākammanta, 정업}와

바른-생계{sammā-ājīva, 정명}와

바른-정진{sammāvāyāma, 정정진}과

바른-마음챙김{sammāsati, 정념}과

바른-삼매{sammāsamādhi, 정정}라오.

비구{bhikkhu, 수행승}들이여

이것을 괴로움의-소멸에-이르는-길{magga, 소멸의 경로}이라고 한다오."
"대품","[[SN 45.1 ]]
[[무명{avijjā, 무지} ]]

세존께서 싸왓티의 제따와나 아나타삔디까 사원에 머무실 때 비구들에게 말씀하셨습니다

비구들이여 

불선법{akusala dhamma, 해로운 법}을 성취하는 데는 

무명{avijjā, 무지}이 앞장서고 

부끄러움을-모름{ahirika, 무참}과 

뉘우침을-모름{anottappa, 무괴}이 뒤따른다오

비구들이여 

무명{avijjā, 무지}에 빠진 어리석은 자에게 

삿된-견해{micchādiṭṭhi, 잘못된 이해}가 생긴다오

삿된-견해{micchādiṭṭhi, 잘못된 이해}를 가진 자는 

삿된-의도{micchāsaṅkappa, 잘못된 생각}를 갖게 되고

삿된-의도{micchāsaṅkappa, 잘못된 생각}를 가진 자는 

삿된-말{micchāvācā, 잘못된 언어}을 하게 되고

삿된-말{micchāvācā, 잘못된 언어}을 하는 자는 

삿된-행동{micchākammanta, 잘못된 행위}을 하게 되고

삿된-행동{micchākammanta, 잘못된 행위}을 하는 자는 

삿된-생계{micchā-ājīva, 잘못된 직업}로 살아가고

삿된-생계{micchā-ājīva, 잘못된 직업}로 살아가는 자는 

삿된-정진{micchāvāyāma, 잘못된 노력}을 하게 되고

삿된-정진{micchāvāyāma, 잘못된 노력}을 하는 자는 

삿된-주의집중{micchāsati, 잘못된 마음챙김}을 하게 되고

삿된-주의집중{micchāsati, 잘못된 마음챙김}을 하는 자는 

삿된-선정{micchāsamādhi, 잘못된 삼매}에 든다오

비구들이여 

선법{kusala dhamma, 유익한 법}을 성취하는 데는 

명지{vijjā, 바른 지혜}가 앞장서고 

부끄러움을-알음{hirika, 참}과 

뉘우침을-알음{ottappa, 괴}이 뒤따른다오

비구들이여 

명지{vijjā, 바른 지혜}에 도달한 지혜로운 사람에게 

바른-견해{sammādiṭṭhi, 올바른 이해}가 생긴다오

바른-견해{sammādiṭṭhi, 올바른 이해}를 가진 사람은 

바른-의도{sammāsaṅkappa, 올바른 생각}를 갖게 되고

바른-의도{sammāsaṅkappa, 올바른 생각}를 가진 사람은 

바른-말{sammāvācā, 올바른 언어}을 하게 되고

바른-말{sammāvācā, 올바른 언어}을 하는 사람은 

바른-행동{sammākammanta, 올바른 행위}을 하게 되고

바른-행동{sammākammanta, 올바른 행위}을 하는 사람은 

바른-생계{sammā-ājīva, 올바른 직업}로 살아가게 되고

바른-생계{sammā-ājīva, 올바른 직업}로 살아가는 사람은 

바른-정진{sammāvāyāma, 올바른 노력}을 하게 되고

바른-정진{sammāvāyāma, 올바른 노력}을 하는 사람은 

바른-주의집중{sammāsati, 올바른 마음챙김}을 하게 되고

바른-주의집중{sammāsati, 올바른 마음챙김}을 하는 사람은 

바른-선정{sammāsamādhi, 올바른 삼매}에 든다오"
"대품","[[SN 45.8 ]]
[[분별{vibhaṅga, 분석} ]]

세존께서 싸왓티의 제따와나 아나타삔디까 사원에 머무실 때 비구들에게 말씀하셨습니다

비구들이여 

내가 

거룩한-여덟-가지-고결한-길{ariyo aṭṭhaṅgiko maggo, 팔정도}을 

분별하여 설명할 테니 잘 듣고 깊이 생각해보시오

내가 이야기하겠소

그 비구들은 예 그렇게 하겠습니다라고 대답했습니다

세존께서는 이렇게 말씀하셨습니다

비구들이여 

어떤 것이 거룩한-여덟-가지-고결한-길{ariyo aṭṭhaṅgiko maggo, 팔정도}인가

바른-견해{sammādiṭṭhi, 올바른 이해}와 

바른-의도{sammāsaṅkappa, 올바른 생각}와 

바른-말{sammāvācā, 올바른 언어}과 

바른-행동{sammākammanta, 올바른 행위}과 

바른-생계{sammā-ājīva, 올바른 직업}와 

바른-정진{sammāvāyāma, 올바른 노력}과 

바른-주의집중{sammāsati, 올바른 마음챙김}과 

바른-선정{sammāsamādhi, 올바른 삼매}

이것을 거룩한-여덟-가지-고결한-길{ariyo aṭṭhaṅgiko maggo, 팔정도}이라고 한다오

비구들이여 

그렇다면 바른-견해{sammādiṭṭhi, 올바른 이해}란 어떤 것인가

괴로움{dukkha, 불만족과 고통}에 대하여 알고

괴로움의-쌓임{samudaya, 괴로움의 원인}에 대하여 알고

괴로움의-소멸{nirodha, 괴로움의 사라짐}에 대하여 알고

괴로움의-소멸에-이르는-길{magga, 소멸의 경로}에 대하여 아는 것

이것을 바른-견해{sammādiṭṭhi, 올바른 이해}라고 한다오

비구들이여 

그렇다면 바른-의도{sammāsaṅkappa, 올바른 생각}란 어떤 것인가

비구들이여 

출리{nekkhamma, 욕망에서 벗어남}를 하려는 의도와 

악의가-없음{abyāpāda, 자애}의 의도와 

해치지-않음{avihiṃsā, 연민}의 의도

이것을 바른-의도{sammāsaṅkappa, 올바른 생각}라고 한다오

비구들이여 

그렇다면 바른-말{sammāvācā, 올바른 언어}이란 어떤 것인가

비구들이여 

거짓말하지-않음{musāvādā veramaṇī, 망어 여읨}과 

이간질하지-않음{pisuṇāya vācāya veramaṇī, 양설 여읨}과 

폭언하지-않음{pharusāya vācāya veramaṇī, 악구 여읨}과 

잡담하지-않음{samphappalāpā veramaṇī, 기어 여읨}

이것을 바른-말{sammāvācā, 올바른 언어}이라고 한다오

비구들이여 

그렇다면 바른-행동{sammākammanta, 올바른 행위}이란 어떤 것인가

비구들이여 

살생하지-않음{pāṇātipātā veramaṇī, 불살생}과 

주지-않은-것을-취하지-않음{adinnādānā veramaṇī, 불투도}과 

삿된-음행을-하지-않음{kāmesumicchācārā veramaṇī, 불음행}

이것을 바른-행동{sammākammanta, 올바른 행위}이라고 한다오

비구들이여 

그렇다면 바른-생계{sammā-ājīva, 올바른 직업}란 어떤 것인가

비구들이여 

거룩한 제자는 삿된-생계{micchā-ājīva, 잘못된 직업}를 버리고 

바른-생계{sammā-ājīva, 올바른 직업}로 생활한다오

비구들이여 

이것을 바른-생계{sammā-ājīva, 올바른 직업}라고 한다오

비구들이여 

그렇다면 바른-정진{sammāvāyāma, 올바른 노력}이란 어떤 것인가

비구들이여 

비구는 

아직 생기지 않은 사악한 불선법{akusala dhamma, 해로운 법}은 발생하지 않도록 의욕을 일으켜 노력하고 정진하고 마음을 다잡고 애쓴다오

이미 생긴 사악한 불선법{akusala dhamma, 해로운 법}은 버리려는 의욕을 일으켜 노력하고 정진하고 마음을 다잡고 애쓴다오

아직 생기지 않은 선법{kusala dhamma, 유익한 법}은 발생하도록 의욕을 일으켜 노력하고 정진하고 마음을 다잡고 애쓴다오

이미 생긴 선법{kusala dhamma, 유익한 법}은 지속하고 망설이지 않고 증가하고 발전하고 닦아 익히고 성취하려는 의욕을 일으켜 노력하고 정진하고 마음을 다잡고 애쓴다오

비구들이여 

이것을 바른-정진{sammāvāyāma, 올바른 노력}이라고 한다오

비구들이여 

그렇다면 바른-주의집중{sammāsati, 올바른 마음챙김}이란 어떤 것인가

비구들이여 

비구는 

몸{kāya, 신}을 관찰하며 몸에 머물면서 열심히 알아차리고 주의집중을 하여 세간에 대한 탐욕과 불만을 제거한다오

느낌{vedanā, 수}을 관찰하며 느낌에 머물면서 열심히 알아차리고 주의집중을 하여 세간에 대한 탐욕과 불만을 제거한다오

마음{citta, 심}을 관찰하며 마음에 머물면서 열심히 알아차리고 주의집중을 하여 세간에 대한 탐욕과 불만을 제거한다오

법{dhamma, 법}을 관찰하며 법에 머물면서 열심히 알아차리고 주의집중을 하여 세간에 대한 탐욕과 불만을 제거한다오

비구들이여 

이것을 바른-주의집중{sammāsati, 올바른 마음챙김}이라고 한다오

비구들이여 

그렇다면 바른-선정{sammāsamādhi, 올바른 삼매}이란 어떤 것인가

비구들이여 

비구는 

감각적-욕망{kāma, 탐욕}을 멀리하고 불선법{akusala dhamma, 해로운 법}을 멀리하고 사유와 숙고가 있으며 멀리함에서 생긴 기쁨과 즐거움이 있는 초선{paṭhamajjhāna, 첫 번째 선정}을 성취하여 살아가고

사유와 숙고를 억제하여 내적으로 조용해진 마음이 집중된 사유와 숙고가 없는 삼매에서 생긴 즐거움과 기쁨이 있는 제2선{dutiyajjhāna, 두 번째 선정}을 성취하여 살아가고

기쁨이 사라지고 평정한 마음으로 주의집중과 알아차림을 하며 지내는 가운데 몸으로 즐거움을 느끼면서 성인들이 평정한-마음{upekhā, 평정}으로 주의집중을 하는 즐거운 상태라고 이야기한 제3선{tatiyajjhāna, 세 번째 선정}을 성취하여 살아가고

즐거움을 포기하고 괴로움을 버림으로써 이전의 만족과 불만이 소멸하여 괴롭지도 않고 즐겁지도 않은 평정한 주의집중이 청정한 제4선{catutthajjhāna, 네 번째 선정}을 성취하여 살아간다오

비구들이여 

이것을 바른-선정{sammāsamādhi, 올바른 삼매}이라고 한다오"
"대품","[[SN 46.2 ]]
[[몸{kāya, 육체} ]]

세존께서 싸왓티의 제따와나 아나타삔디까 사원에 머무실 때 비구들에게 말씀하셨습니다

비구들이여 

음식에 의해 유지되는 이 몸은 

음식을 의지하여 지속하고 

음식이 없으면 지속하지 못하듯이

다섯-가지-장애{pañca nīvaraṇāni, 다섯 가지 덮개^불교에서 오개(五蓋, pañca nīvaraṇāni)는 마음의 본래 청정한 본성을 가리고 지혜와 선정을 방해하는 다섯 가지 장애 요소를 뜻합니다. 경전(SN 46.2 몸 경 등)에서는 몸이 음식으로 유지되듯, 이 장애들 역시 '이치에 맞지 않는 생각(비여리작의, ayoniso manasikāra)'이라는 먹이를 통해 생겨나고 자라난다고 설명합니다.

감각적 욕망 (kāmacchanda, 탐욕): 마음에 드는 매력적인 대상(아름다움, 쾌락 등)에 집착하고 갈망하는 마음입니다.

성냄 / 악의 (byāpāda, 진에): 마음에 들지 않거나 거슬리는 대상에 대해 반발하고 분노하며 해치려는 마음입니다.

혼침과 게으름 (thīnamiddha, 혼침·수면): 마음이 무겁고 어두워지며 무기력하고 졸음에 빠지는 상태입니다.

들뜸과 후회 (uddhaccakukkucca, 도거·악작): 마음이 안정을 찾지 못하고 산만하게 들뜨거나, 과거의 잘못·하지 못한 일을 두고 불안해하며 자책하는 마음입니다.

의심 (vicikicchā, 의): 가르침(법), 수행의 길, 또는 자신의 가능성에 대해 확신을 갖지 못하고 끊임없이 망설이며 주저하는 마음입니다.}도 

음식에 의해 유지되기 때문에 

음식을 의지하여 지속하고 

음식이 없으면 지속하지 못한다오

비구들이여 

그렇다면 무엇이 아직 일어나지 않은 감각적-욕망{kāmacchanda, 탐욕^감각적 욕망(kāmacchanda, 탐욕)은 시각·청각·후각·미각·촉각 등 오감의 대상을 통해 즐거움과 쾌락을 추구하고 집착하는 마음 상태를 뜻합니다.

일어나고 자라나는 원인 (음식)

아름다운 모습(淨相, subha-nimitta): 마음에 드는 대상이나 매력적인 형상에 지속적으로 마음을 쏟는 것입니다.

이치에 맞지 않는 생각(비여리작의, ayoniso manasikāra): 대상의 본질(무상·고·무아)을 보지 못하고 아름답고 영원할 것처럼 집착하여 생각을 굴릴 때, 아직 일어나지 않은 욕망이 일어나고 이미 일어난 욕망이 더욱 커집니다.

다스리고 없애는 방법 (비음식 / 대치법)

부정관(asubha-bhāvanā): 몸의 부정한 측면(서른두 가지 신체 부위나 시체의 부패 과정 등)을 관찰하여 겉모습에 대한 왜곡된 집착을 내려놓습니다.

감관의 문 단속(indriya-saṃvara): 눈·귀·코·혀·몸·마음으로 대상을 접할 때 집착이나 번뇌가 일어나지 않도록 알아차림(사띠)을 유지합니다.

이치에 맞는 생각(여리작의, yoniso manasikāra): 대상의 불완전함과 무상함을 올바르게 숙고하여 욕망에 휘둘리지 않도록 마음을 다스립니다.}을 일어나게 하거나 

이미 일어난 감각적-욕망{kāmacchanda, 탐욕}을 더욱 크게 하는 음식인가

비구들이여 

마음에 드는 모습이 있을 때 

그것에 대하여 이치에-맞지-않는-생각{ayoniso manasikāra, 비여리작의^비여리작의(ayoniso manasikāra, 非如理作意)는 ‘이치에 맞지 않는 생각’ 또는 ‘지혜롭지 못한 주의 기울임’을 뜻합니다. 사물의 본질과 인과 법칙을 왜곡되게 바라보아 번뇌와 고통을 일으키는 마음의 작용입니다.

어원 및 의미

a- (아니라는 부정 접두어): ‘그렇지 않은’

yoni (근원, 바탕, 이치): 사물의 본질, 원인, 이치

manasikāra (작의, 마음을 기울임): 주의(attention), 생각을 대상에 쏟는 것

종합적인 의미: 근원이나 이치에 바탕을 두지 않고, 사물의 실상(무상·고·무아)을 보지 못한 채 왜곡된 관점으로 마음을 쏟는 상태를 가리킵니다.

비여리작의의 4가지 왜곡 (사전도, 四顚倒)

무상(anicca)을 영원함(nicca)으로 착각: 변하고 부서지는 대상을 영원할 것으로 여김

고(dukkha)를 즐거움(sukha)으로 착각: 근본적으로 불만족과 괴로움인 것을 참된 행복으로 여김

무아(anattā)를 자아(attā)로 착각: 고정된 실체가 없는 오온을 ‘나’ 또는 ‘내 것’으로 집착함

부정(asubha)을 아름다움(subha)으로 착각: 겉모습에 홀려 대상을 본래 아름다운 것으로 여김

다섯 가지 장애(오개)의 자양분

감각적 욕망: 아름다운 형상에 대해 비여리작의를 지속할 때 생겨나고 자라납니다.

성냄/악의: 거슬리는 대상에 대해 비여리작의를 지속할 때 증폭됩니다.

혼침·게으름: 권태, 나른함, 무기력에 빠져 생각을 굴릴 때 커집니다.

들뜸·후회: 산란함과 지나간 일에 대한 자책에 마음을 쏟을 때 악화됩니다.

의심: 유익한 것과 해로운 것을 분별하지 못하고 의혹에 집착할 때 짙어집니다.

대치법: 여리작의(yoniso manasikāra, 지혜로운 생각)

비여리작의를 멈추는 유일한 길은 여리작의(如理作意)입니다. 사물을 있는 그대로(무상·고·무아) 관찰하고 유익한 법과 해로운 법을 바르게 분별할 때 번뇌(오개)의 먹이가 차단되어 마음에 평온과 지혜가 생겨납니다.}을 지속적으로 하면

이것이 아직 일어나지 않은 감각적-욕망{kāmacchanda, 탐욕}을 일어나게 하거나 

이미 일어난 감각적-욕망{kāmacchanda, 탐욕}을 더욱 크게 하는 음식이라오

비구들이여 

그렇다면 무엇이 아직 일어나지 않은 성냄{byāpāda, 진에}을 일어나게 하거나 

이미 일어난 성냄{byāpāda, 진에}을 더욱 크게 하는 음식인가

비구들이여 

거슬리는 모습이 있을 때 

그것에 대하여 이치에-맞지-않는-생각{ayoniso manasikāra, 비여리작의}을 지속적으로 하면

이것이 아직 일어나지 않은 성냄{byāpāda, 진에}을 일어나게 하거나 

이미 일어난 성냄{byāpāda, 진에}을 더욱 크게 하는 음식이라오

비구들이여 

그렇다면 무엇이 아직 일어나지 않은 혼침과-게으름{thīnamiddha, 혼침}을 일어나게 하거나 

이미 일어난 혼침과-게으름{thīnamiddha, 혼침}을 더욱 크게 하는 음식인가

비구들이여 

흥미 없고 권태롭고 졸리고 나른하고 마음이 무거울 때 

거기에서 이치에-맞지-않는-생각{ayoniso manasikāra, 비여리작의}을 지속적으로 하면

이것이 아직 일어나지 않은 혼침과-게으름{thīnamiddha, 혼침}을 일어나게 하거나 

이미 일어난 혼침과-게으름{thīnamiddha, 혼침}을 더욱 크게 하는 음식이라오

비구들이여 

그렇다면 무엇이 아직 일어나지 않은 들뜸과-후회{uddhaccakukkucca, 도거}를 일어나게 하거나 

이미 일어난 들뜸과-후회{uddhaccakukkucca, 도거}를 더욱 크게 하는 음식인가

비구들이여 

마음이 어지러울 때 

거기에서 이치에-맞지-않는-생각{ayoniso manasikāra, 비여리작의}을 지속적으로 하면

이것이 아직 일어나지 않은 들뜸과-후회{uddhaccakukkucca, 도거}를 일어나게 하거나 

이미 일어난 들뜸과-후회{uddhaccakukkucca, 도거}를 더욱 크게 하는 음식이라오"
"대품","[[ SN 46.6 ]]
[[ 꾼달리야-경{kuṇḍaliyasutta, 곤달리야경} ]]

한때 세존{bhagavant, 존귀한 분}께서는 사케타의 안자나숲 사슴동산에 머무셨습니다.

그때 꾼달리야 유행승{paribbājaka, 떠도는 수행자}이 세존{bhagavant, 존귀한 분}께서 계신 곳으로 찾아왔습니다.

찾아와서 세존{bhagavant, 존귀한 분}과 함께 안부를 나누었습니다.

친절하고 환담하는 이야기를 나누고 한쪽에 앉았습니다.

한쪽에 앉은 꾼달리야 유행승{paribbājaka, 떠도는 수행자}은 세존{bhagavant, 존귀한 분}께 이렇게 말씀드렸습니다.

고타마 성자시여

나는 사원에 머물며 가르침의 모임에 참여하는 사람입니다.

고타마 성자시여

나는 아침 식사를 마친 후

이 사원에서 저 사원으로 이 공원에서 저 공원으로 거니는 습관이 있습니다.

거기서 나는 어떤 사문{samaṇa, 출가수행자}과 바라문{brāhmaṇa, 사제계급}들이 논쟁에서 이기고 허물을 잡기 위해 대화하는 것을 봅니다.

그러나 고타마 성자께서는 어떤 이익을 위해 살아가십니까.

꾼달리야여

여래{tathāgata, 진리에 이른 분}는 명지와-해탈의-결실{vijjāvimuttiphala, 지혜와 벗어남의 열매}이라는 이익을 위해 살아간다오.

고타마 성자시여

그렇다면 어떤 법들을 닦고 많이 실천해야 명지와-해탈{vijjāvimutti, 지혜와 벗어남}을 성취합니까.

꾼달리야여

일곱-가지-깨달음의-요소{satta bojjhaṅgā, 칠각지}를 닦고 많이 실천하면 명지와-해탈{vijjāvimutti, 지혜와 벗어남}을 성취한다오.

고타마 성자시여

그렇다면 어떤 법들을 닦고 많이 실천해야 일곱-가지-깨달음의-요소{satta bojjhaṅgā, 칠각지}를 성취합니까.

꾼달리야여

네-가지-마음챙김의-확립{cattāro satipaṭṭhānā, 사념처}을 닦고 많이 실천하면 일곱-가지-깨달음의-요소{satta bojjhaṅgā, 칠각지}를 성취한다오.

고타마 성자시여

그렇다면 어떤 법들을 닦고 많이 실천해야 네-가지-마음챙김의-확립{cattāro satipaṭṭhānā, 사념처}을 성취합니까.

꾼달리야여

세-가지-올바른-행위{tīṇi sucaritāni, 삼선행}를 닦고 많이 실천하면 네-가지-마음챙김의-확립{cattāro satipaṭṭhānā, 사념처}을 성취한다오.

고타마 성자시여

그렇다면 어떤 법들을 닦고 많이 실천해야 세-가지-올바른-행위{tīṇi sucaritāni, 삼선행}를 성취합니까.

꾼달리야여

감각기능의-단속{indriyasaṁvara, 근율의}을 닦고 많이 실천하면 세-가지-올바른-행위{tīṇi sucaritāni, 삼선행}를 성취한다오.

꾼달리야여

그렇다면 어떻게 감각기능의-단속{indriyasaṁvara, 근율의}을 닦고 많이 실천해야 세-가지-올바른-행위{tīṇi sucaritāni, 삼선행}를 성취하는가.

여기 꾼달리야여

비구{bhikkhu, 수행승}는 눈으로 형색{rūpa, 물질적 대상}을 보고 마음에 들어도 탐내지 않고 기뻐하지 않고 탐욕{rāga, 갈망}을 일으키지 않는다오.

그의 몸{kāya, 신체}은 안정되고 마음{citta, 사유하는 정신}은 안으로 잘 확립되어 잘 해탈{vimutti, 벗어남}한다오.

눈으로 형색{rūpa, 물질적 대상}을 보고 마음에 들지 않아도 침울해하지 않고 마음{citta, 사유하는 정신}이 흔들리지 않고 실망하지 않고 분노하지 않는다오.

그의 몸{kāya, 신체}은 안정되고 마음{citta, 사유하는 정신}은 안으로 잘 확립되어 잘 해탈{vimutti, 벗어남}한다오.

다시 꾼달리야여

비구{bhikkhu, 수행승}는 귀로 소리를 듣고

코로 냄새를 맡고

혀로 맛을 보고

몸으로 감촉을 느끼고

마음{mano, 지각하는 의식}으로 법{dhamma, 정신적 대상}을 알아차리고 마음에 들어도 탐내지 않고 기뻐하지 않고 탐욕{rāga, 갈망}을 일으키지 않는다오.

그의 몸{kāya, 신체}은 안정되고 마음{citta, 사유하는 정신}은 안으로 잘 확립되어 잘 해탈{vimutti, 벗어남}한다오.

마음{mano, 지각하는 의식}으로 법{dhamma, 정신적 대상}을 알아차리고 마음에 들지 않아도 침울해하지 않고 마음{citta, 사유하는 정신}이 흔들리지 않고 실망하지 않고 분노하지 않는다오.

그의 몸{kāya, 신체}은 안정되고 마음{citta, 사유하는 정신}은 안으로 잘 확립되어 잘 해탈{vimutti, 벗어남}한다오.

꾼달리야여

비구{bhikkhu, 수행승}가 눈으로 형색{rūpa, 물질적 대상}을 보고 마음에 들거나 들지 않는 형색{rūpa, 물질적 대상}에 대해 몸{kāya, 신체}이 안정되고 마음{citta, 사유하는 정신}이 안으로 잘 확립되어 잘 해탈{vimutti, 벗어남}할 때

소리와 냄새와 맛과 감촉과 법{dhamma, 정신적 대상}에 대해서도 그러하다오.

꾼달리야여

이렇게 감각기능의-단속{indriyasaṁvara, 근율의}을 닦고 많이 실천하면 세-가지-올바른-행위{tīṇi sucaritāni, 삼선행}를 성취한다오.

꾼달리야여

그렇다면 어떻게 세-가지-올바른-행위{tīṇi sucaritāni, 삼선행}를 닦고 많이 실천해야 네-가지-마음챙김의-확립{cattāro satipaṭṭhānā, 사념처}을 성취하는가.

여기 꾼달리야여

비구{bhikkhu, 수행승}는 몸으로-짓는-잘못된-행위{kāyaduccarita, 신악행}를 버리고 몸으로-짓는-올바른-행위{kāyasucarita, 신선행}를 닦으며

말로-짓는-잘못된-행위{vacīduccarita, 구악행}를 버리고 말로-짓는-올바른-행위{vacīsucarita, 구선행}를 닦으며

마음으로-짓는-잘못된-행위{manoduccarita, 의악행}를 버리고 마음으로-짓는-올바른-행위{manosucarita, 의선행}를 닦는다오.

꾼달리야여

이렇게 세-가지-올바른-행위{tīṇi sucaritāni, 삼선행}를 닦고 많이 실천하면 네-가지-마음챙김의-확립{cattāro satipaṭṭhānā, 사념처}을 성취한다오.

꾼달리야여

그렇다면 어떻게 네-가지-마음챙김의-확립{cattāro satipaṭṭhānā, 사념처}을 닦고 많이 실천해야 일곱-가지-깨달음의-요소{satta bojjhaṅgā, 칠각지}를 성취하는가.

여기 꾼달리야여

비구{bhikkhu, 수행승}는 몸{kāya, 신체}을 관찰하며 몸{kāya, 신체}에 머물면서 열심히 알아차리고 마음챙김{sati, 알아차림}을 하여 세상에 대한 탐욕과 불만을 제거한다오.

느낌{vedanā, 감각}을 관찰하며

마음{citta, 사유하는 정신}을 관찰하며

법{dhamma, 현상}을 관찰하며 법{dhamma, 현상}에 머물면서 열심히 알아차리고 마음챙김{sati, 알아차림}을 하여 세상에 대한 탐욕과 불만을 제거한다오.

꾼달리야여

이렇게 네-가지-마음챙김의-확립{cattāro satipaṭṭhānā, 사념처}을 닦고 많이 실천하면 일곱-가지-깨달음의-요소{satta bojjhaṅgā, 칠각지}를 성취한다오.

꾼달리야여

그렇다면 어떻게 일곱-가지-깨달음의-요소{satta bojjhaṅgā, 칠각지}를 닦고 많이 실천해야 명지와-해탈{vijjāvimutti, 지혜와 벗어남}을 성취하는가.

여기 꾼달리야여

비구{bhikkhu, 수행승}는 멀리-여읨{viveka, 격리}에 의지하고 탐욕의-빛바램{virāga, 이탐}에 의지하고 소멸{nirodha, 사라짐}에 의지하여 놓아버림{vossagga, 내려놓음}으로 회향하는

마음챙김-깨달음의-요소{satisambojjhaṅga, 염각지}와

법-간택-깨달음의-요소{dhammavicayasambojjhaṅga, 택법각지}와

정진-깨달음의-요소{vīriyasambojjhaṅga, 정진각지}와

기쁨-깨달음의-요소{pītisambojjhaṅga, 희각지}와

편안함-깨달음의-요소{passaddhisambojjhaṅga, 경안각지}와

삼매-깨달음의-요소{samādhisambojjhaṅga, 정각지}와

평정-깨달음의-요소{upekkhasambojjhaṅga, 사각지}를 닦는다오.

꾼달리야여

이렇게 일곱-가지-깨달음의-요소{satta bojjhaṅgā, 칠각지}를 닦고 많이 실천하면 명지와-해탈{vijjāvimutti, 지혜와 벗어남}을 성취한다오.

이렇게 말씀하시자 꾼달리야 유행승{paribbājaka, 떠도는 수행자}이 세존{bhagavant, 존귀한 분}께 말씀드렸습니다.

경이롭습니다 고타마 성자시여 경이롭습니다 고타마 성자시여.

마치 넘어진 것을 일으켜 세우듯

숨겨진 것을 드러내 보이듯

길을 잃은 자에게 길을 알려주듯

눈 있는 자들이 형색{rūpa, 물질적 대상}을 보라고 어둠 속에서 등불을 비추듯

고타마 성자께서는 여러 가지 방법으로 가르침을 밝혀주셨습니다.

저는 고타마 성자께 귀의하며 가르침과 비구{bhikkhu, 수행승} 승가{saṅgha, 수행공동체}에 귀의합니다.

고타마 성자께서는 저를 오늘부터 목숨이 다할 때까지 귀의한 재가신자{upāsaka, 우바새}로 받아주소서."
"상윳따","[[ SN 36.11 ]]
[[ 홀로-앉아-경{rahogatasutta, 라호가따 경} ]]

세존께서 싸왓티의 제따와나 아나타삔디까 승원에 머무실 때 어떤 비구가 세존을 찾아와서 예배하고 한쪽에 앉아 말씀드렸습니다

세존이시여 

제가 홀로 앉아서 좌선할 때 세존께서는 
세 가지 느낌{vedanā, 수} 즉 
즐거운-느낌{sukhā vedanā, 즐거운 수} 
괴로운-느낌{dukkhā vedanā, 괴로운 수} 
괴롭지도-즐겁지도-않은-느낌{adukkhamasukhā vedanā, 불괴불락 수}을 말씀하셨다 

그렇지만 세존께서는 이들 세 가지 느낌{vedanā, 수}을 말씀하시면서 느껴진 것은 무엇이든지 그것은 괴로움{dukkha, 불만족과 고통}에 속한다고 말씀하셨다 

세존께서 느껴진 것은 무엇이든지 그것은 괴로움{dukkha, 불만족과 고통}에 속한다고 하신 말씀은 무엇에 관한 것일까라는 생각이 떠올랐습니다

훌륭하오 비구여 훌륭하오 비구여 

나는 세 가지 느낌{vedanā, 수}을 말했으며 
내가 느껴진 것은 무엇이든지 그것은 괴로움{dukkha, 불만족과 고통}에 속한다라고 한 말은 
형성된-것들{saṅkhāra, 제행}의 무상{anicca, 항상하지 않음}성에 관한 말이라오 

비구여 

내가 느껴진 것은 무엇이든지 
그것은 괴로움{dukkha, 불만족과 고통}에 속한다라고 한 말은 
형성된-것들{saṅkhāra, 제행}의 
부서짐의-성질{khayadhammatā, 괴멸법성} 
사라짐의-성질{vayadhammatā, 쇠멸법성} 
욕망이-빛바램의-성질{virāgadhammatā, 퇴색법성} 
소멸의-성질{nirodhadhammatā, 소멸법성} 
변함의-성질{vipariṇāmadhammatā, 변역법성}에 관한 것이라오

비구여 

그리고 나는 점차적인 형성된-것들{saṅkhāra, 제행}의 소멸{nirodha}을 가르쳤다오 

첫-번째-선정{paṭhamajjhāna, 초선}에 도달하면 언어{vācā, 말}가 소멸하고 

두-번째-선정{dutiyajjhāna, 제2선}에 도달하면 사유와 숙고{vitakkavicāra, 각관}가 소멸하고 

세-번째-선정{tatiyajjhāna, 제3선}에 도달하면 희열{pīti, 희심}이 소멸하고 

네-번째-선정{catutthajjhāna, 제4선}에 도달하면 들숨과-날숨{assāsapasāsa, 입식출식}이 소멸하고 

허공이-무변한-영역{ākāsānañcāyatana, 공무변처}에 도달하면 형색의-인식{rūpasaññā, 색상}이 소멸하고 

의식이-무변한-영역{viññāṇañcāyatana, 식무변처}에 도달하면 허공이-무변한-영역의-인식{ākāsānañcāyatanasaññā, 공무변처상}이 소멸하고 

아무것도-없는-영역{ākiñcaññāyatana, 무소유처}에 도달하면 의식이-무변한-영역의-인식{viññāṇañcāyatanasaññā, 식무변처상}이 소멸하고 

지각하는-것도-지각하지-않는-것도-아닌-영역{nevasaññānāsaññāyatana, 비유상비무상처}에 도달하면 아무것도-없는-영역의-인식{ākiñcaññāyatanasaññā, 무소유처상}이 소멸하고 

인식과-느낌의-소멸{saññāvedayitanirodha, 상수멸}에 도달하면 지각{saññā, 상}과 느낌{vedanā, 수}이 소멸한다오 

번뇌{āsava, 누}가 다한 비구는 탐욕{rāga, 탐심}이 소멸하고 성냄{dosa, 진심}이 소멸하고 어리석음{moha, 치심}이 소멸한다오

비구여 

그리고 나는 점차적인 형성된-것들{saṅkhāra, 제행}의 고요해짐{vūpasama, 적정}을 가르쳤다오 

첫 번째-선정{paṭhamajjhāna, 초선}에 도달하면 언어{vācā, 말}가 고요해지고 

두 번째-선정{dutiyajjhāna, 제2선}에 도달하면 사유와 숙고{vitakkavicāra, 각관}가 고요해지고 

세 번째-선정{tatiyajjhāna, 제3선}에 도달하면 희열{pīti, 희심}이 고요해지고 

네 번째-선정{catutthajjhāna, 제4선}에 도달하면 들숨과-날숨{assāsapasāsa, 입식출식}이 고요해지고 

허공이-무변한-영역{ākāsānañcāyatana, 공무변처}에 도달하면 형색의-인식{rūpasaññā, 색상}이 고요해지고 

의식이-무변한-영역{viññāṇañcāyatana, 식무변처}에 도달하면 허공이-무변한-영역의-인식{ākāsānañcāyatanasaññā, 공무변처상}이 고요해지고 

아무것도-없는-영역{ākiñcaññāyatana, 무소유처}에 도달하면 의식이-무변한-영역의-인식{viññāṇañcāyatanasaññā, 식무변처상}이 고요해지고 

지각하는-것도-지각하지-않는-것도-아닌-영역{nevasaññānāsaññāyatana, 비유상비무상처}에 도달하면 아무것도-없는-영역의-인식{ākiñcaññāyatanasaññā, 무소유처상}이 고요해지고 

인식과-느낌의-소멸{saññāvedayitanirodha, 상수멸}에 도달하면 지각{saññā, 상}과 느낌{vedanā, 수}이 고요해진다오 

번뇌{āsava, 누}가 다한 비구는 탐욕{rāga, 탐심}이 고요해지고 성냄{dosa, 진심}이 고요해지고 어리석음{moha, 치심}이 고요해진다오

비구여 

이것이 여섯 가지 고요해짐{passaddhi, 평온}이라오 

첫 번째-선정{paṭhamajjhāna, 초선}에 도달하면 언어{vācā, 말}가 고요해지고 

두 번째-선정{dutiyajjhāna, 제2선}에 도달하면 사유와 숙고{vitakkavicāra, 각관}가 고요해지고 

세 번째-선정{tatiyajjhāna, 제3선}에 도달하면 희열{pīti, 희심}이 고요해지고 

네 번째-선정{catutthajjhāna, 제4선}에 도달하면 들숨과-날숨{assāsapasāsa, 입식출식}이 고요해지고 

인식과-느낌의-소멸{saññāvedayitanirodha, 상수멸}에 도달하면 지각{saññā, 상}과 느낌{vedanā, 수}이 고요해지고 

번뇌{āsava, 누}가 다한 비구는 탐욕{rāga, 탐심}이 고요해지고 성냄{dosa, 진심}이 고요해지고 어리석음{moha, 치심}이 고요해진다오"
"대열반경","[[ DN 16 ]]

[[ 완전한-열반에-대한-큰-경{mahāparinibbānasutta, 대반열반경} ]]

이와 같이 나는 들었다.


한때 세존{bhagavant, 존귀한 분}께서는 라자가하{rājagaha, 왕사성}의 독수리-봉우리-산{gijjhakūṭa pabbata, 영축산}에 머무셨다.


그때 위데하{vedeha, 위제희}의 아들 마가다{magadha, 마갈타}의 아자따삿투-왕{ajātasattu rājā, 아사세왕}은 왓지{vajji, 발기}족을 침략하고자 했다.


그는 이렇게 말했다.


나는 이처럼 강력하고 막강한 왓지{vajji, 발기}족을 전멸시키리라.


그들을 파멸시키고 황폐화시키리라.


그리고 아자따삿투-왕{ajātasattu rājā, 아사세왕}은 마가다{magadha, 마갈타}의 대신인 바라문{brāhmaṇa, 사제} 왓사까라{vassakāra, 우사익}에게 일렀다.


바라문{brāhmaṇa, 사제}이여, 부디 세존{bhagavant, 존귀한 분}께 가서 내 이름으로 머리를 그분의 두 발에 대어 절을 올리시오.


그리고 그분께서 건강하고 편안하시며, 활동에 지장이 없고, 기력이 충만하시며, 안락하게 지내시는지 여쭈시오.


그리고 이렇게 전하시오.


세존{bhagavant, 존귀한 분}이시여, 위데하{vedeha, 위제희}의 아들 마가다{magadha, 마갈타}의 아자따삿투-왕{ajātasattu rājā, 아사세왕}이 왓지{vajji, 발기}족을 침략하고자 합니다.


그는 ‘나는 이처럼 강력하고 막강한 왓지{vajji, 발기}족을 전멸시키리라. 그들을 파멸시키고 황폐화시키리라’ 하고 말합니다.


세존{bhagavant, 존귀한 분}께서 어떻게 답변하시는지 잘 기억하여 나에게 전해 주시오.


여래{tathāgata, 진리에 이른 분}들은 사실이 아닌 것은 결코 말씀하시지 않기 때문이오.


바라문{brāhmaṇa, 사제} 왓사까라{vassakāra, 우사익}는 ‘그렇게 하겠습니다, 왕이시여’ 하고 답했다.


그는 최상의 수레들을 준비하게 하고 훌륭한 수레에 올라타 다른 수레들과 함께 라자가하{rājagaha, 왕사성}를 떠나 독수리-봉우리-산{gijjhakūṭa pabbata, 영축산}으로 향했다.


그는 수레가 갈 수 있는 곳까지 수레를 타고 간 뒤, 수레에서 내려 걸어서 세존{bhagavant, 존귀한 분}께 다가가 다정한 인사를 나누었다.


환담과 정중한 인사를 마치고 한 곁에 앉은 그는 세존{bhagavant, 존귀한 분}께 이렇게 여쭈었다.


존자{bho, 존귀한 이} 고따마{gotama, 구담}시여, 위데하{vedeha, 위제희}의 아들 마가다{magadha, 마갈타}의 아자따삿투-왕{ajātasattu rājā, 아사세왕}이 머리를 당신의 두 발에 대어 절을 올립니다.


그분께서는 존자께서 건강하고 편안하시며, 활동에 지장이 없고, 기력이 충만하시며, 안락하게 지내시는지 여쭙니다.


존자{bho, 존귀한 이} 고따마{gotama, 구담}시여, 아자따삿투-왕{ajātasattu rājā, 아사세왕}은 왓지{vajji, 발기}족을 침략하고자 합니다.


그는 ‘나는 이처럼 강력하고 막강한 왓지{vajji, 발기}족을 전멸시키리라. 그들을 파멸시키고 황폐화시키리라’ 하고 말했습니다.


그때 아난다{ānanda, 아난} 존자{āyasmant, 덕 높은 이}는 세존{bhagavant, 존귀한 분} 뒤에 서서 부채질을 해드리고 있었다.


세존{bhagavant, 존귀한 분}께서는 아난다{ānanda, 아난}에게 말씀하셨다.


아난다{ānanda, 아난}여, 너는 왓지{vajji, 발기}족들이 자주 모임을 갖고 모임에 많이 모인다는 것을 들었는가?


세존{bhagavant, 존귀한 분}이시여, 그렇다고 들었습니다.


아난다{ānanda, 아난}여, 왓지{vajji, 발기}족들이 자주 모임을 갖고 모임에 많이 모이는 한, 그들은 쇠퇴하지 않고 번영할 것으로 기대할 수 있다.


아난다{ānanda, 아난}여, 너는 왓지{vajji, 발기}족들이 화합하여 모이고, 화합하여 흩어지며, 화합하여 일들을 처리한다는 것을 들었는가?


세존{bhagavant, 존귀한 분}이시여, 그렇다고 들었습니다.


아난다{ānanda, 아난}여, 왓지{vajji, 발기}족들이 화합하여 모이고, 화합하여 흩어지며, 화합하여 일들을 처리하는 한, 그들은 쇠퇴하지 않고 번영할 것으로 기대할 수 있다.


아난다{ānanda, 아난}여, 너는 왓지{vajji, 발기}족들이 제정되지 않은 법을 새로 제정하지 않고, 이미 제정된 법을 폐지하지 않으며, 옛 왓지{vajji, 발기}족의 정해진 법에 따라 살아간다는 것을 들었는가?


세존{bhagavant, 존귀한 분}이시여, 그렇다고 들었습니다.


아난다{ānanda, 아난}여, 왓지{vajji, 발기}족들이 제정되지 않은 법을 새로 제정하지 않고, 이미 제정된 법을 폐지하지 않으며, 옛 왓지{vajji, 발기}족의 정해진 법에 따라 살아가는 한, 그들은 쇠퇴하지 않고 번영할 것으로 기대할 수 있다.


아난다{ānanda, 아난}여, 너는 왓지{vajji, 발기}족들이 연장자들을 공경하고 존중하며 우러르고 숭배하며, 그들의 말에 귀를 기울여야 한다고 생각한다는 것을 들었는가?


세존{bhagavant, 존귀한 분}이시여, 그렇다고 들었습니다.


아난다{ānanda, 아난}여, 왓지{vajji, 발기}족들이 연장자들을 공경하고 존중하며 우러르고 숭배하며, 그들의 말에 귀를 기울여야 한다고 생각하는 한, 그들은 쇠퇴하지 않고 번영할 것으로 기대할 수 있다.


아난다{ānanda, 아난}여, 너는 왓지{vajji, 발기}족들이 가문의 여인들이나 처녀들을 강제로 납치하여 함께 살지 않는다는 것을 들었는가?


세존{bhagavant, 존귀한 분}이시여, 그렇다고 들었습니다.


아난다{ānanda, 아난}여, 왓지{vajji, 발기}족들이 가문의 여인들이나 처녀들을 강제로 납치하여 함께 살지 않는 한, 그들은 쇠퇴하지 않고 번영할 것으로 기대할 수 있다.


아난다{ānanda, 아난}여, 너는 왓지{vajji, 발기}족들이 안팎의 사당들을 공경하고 존중하며 우러르고 숭배하며, 과거에 바쳐왔던 합당한 공양을 폐하지 않는다는 것을 들었는가?


세존{bhagavant, 존귀한 분}이시여, 그렇다고 들었습니다.


아난다{ānanda, 아난}여, 왓지{vajji, 발기}족들이 안팎의 사당들을 공경하고 존중하며 우러르고 숭배하며, 과거에 바쳐왔던 합당한 공양을 폐하지 않는 한, 그들은 쇠퇴하지 않고 번영할 것으로 기대할 수 있다.


아난다{ānanda, 아난}여, 너는 왓지{vajji, 발기}족들이 아라한{arahant, 공양받아 마땅한 완성자}들을 위해 적절한 보호와 거처와 안전을 베풀어, 아직 오지 않은 아라한{arahant, 공양받아 마땅한 완성자}들이 오고 이미 온 아라한{arahant, 공양받아 마땅한 완성자}들이 편안하게 머물게 한다는 것을 들었는가?


세존{bhagavant, 존귀한 분}이시여, 그렇다고 들었습니다.


아난다{ānanda, 아난}여, 왓지{vajji, 발기}족들이 아라한{arahant, 공양받아 마땅한 완성자}들을 위해 적절한 보호와 거처와 안전을 베풀어, 아직 오지 않은 아라한{arahant, 공양받아 마땅한 완성자}들이 오고 이미 온 아라한{arahant, 공양받아 마땅한 완성자}들이 편안하게 머물게 하는 한, 그들은 쇠퇴하지 않고 번영할 것으로 기대할 수 있다.


그리고 세존{bhagavant, 존귀한 분}께서는 왓사까라{vassakāra, 우사익} 바라문{brāhmaṇa, 사제}에게 말씀하셨다.


바라문{brāhmaṇa, 사제}이여, 예전에 나는 웨살리{vesālī, 바이샬리}의 사란다다-사당{sārandada cetiya, 사라단다탑}에 머물렀소.


그곳에서 나는 왓지{vajji, 발기}족들에게 쇠퇴를-막는-일곱-가지-법{aparihānīya dhamma, 불퇴법}을 설했소.


이 쇠퇴를-막는-일곱-가지-법{aparihānīya dhamma, 불퇴법}이 왓지{vajji, 발기}족들 사이에 유지되고, 왓지{vajji, 발기}족들이 이를 실천하는 한, 그들은 쇠퇴하지 않고 번영할 것으로 기대할 수 있소.


세존{bhagavant, 존귀한 분}께서 이와 같이 말씀하시자, 왓사까라{vassakāra, 우사익}는 말씀드렸다.


존자{bho, 존귀한 이} 고따마{gotama, 구담}시여, 왓지{vajji, 발기}족들이 이 법들 가운데 단 하나만 갖추어도 번영할 것으로 기대할 수 있거늘, 하물며 일곱 가지를 모두 갖추고 있다면 어찌 말할 필요가 있겠습니까.


아자따삿투-왕{ajātasattu rājā, 아사세왕}은 매수하거나 내부를 분열시키지 않는 한 전쟁으로 왓지{vajji, 발기}족을 굴복시킬 수 없을 것입니다.


존자{bho, 존귀한 이} 고따마{gotama, 구담}시여, 이제 저는 가보아야 하겠습니다. 저는 처리해야 할 많은 일들이 있습니다.


바라문{brāhmaṇa, 사제}이여, 편한 대로 하시오.


그러자 바라문{brāhmaṇa, 사제} 왓사까라{vassakāra, 우사익}는 세존{bhagavant, 존귀한 분}의 말씀을 기뻐하고 찬탄한 뒤 자리에서 일어나 떠났다.


그가 떠난 지 얼마 되지 않아 세존{bhagavant, 존귀한 분}께서는 아난다{ānanda, 아난}에게 말씀하셨다.


가거라, 아난다{ānanda, 아난}여. 라자가하{rājagaha, 왕사성} 근처에 머무는 모든 비구{bhikkhu, 수행승}들을 집회소로 모이게 하라.


세존{bhagavant, 존귀한 분}이시여, 그렇게 하겠습니다.


아난다{ānanda, 아난}는 세존{bhagavant, 존귀한 분}께서 말씀하신 대로 행했다.


그는 돌아와 절을 올리고 한 곁에 서서 말씀드렸다.


세존{bhagavant, 존귀한 분}이시여, 비구-상가{bhikkhu saṅgha, 수행승 공동체}가 모였습니다. 세존{bhagavant, 존귀한 분}께서 편하신 대로 가시옵소서.


세존{bhagavant, 존귀한 분}께서는 집회소로 가서 마련된 자리에 앉으신 뒤 비구{bhikkhu, 수행승}들에게 말씀하셨다.


비구{bhikkhu, 수행승}들이여, 그대들에게 쇠퇴를-막는-일곱-가지-법{aparihānīya dhamma, 불퇴법}을 설하겠다. 잘 듣고 마음속에 깊이 새겨라. 내가 설할 것이다.


세존{bhagavant, 존귀한 분}이시여, 그렇게 하겠습니다.


비구{bhikkhu, 수행승}들은 답했고 세존{bhagavant, 존귀한 분}께서는 이렇게 말씀하셨다.


비구{bhikkhu, 수행승}들이 자주 모임을 갖고 모임에 많이 모이는 한, 그들은 쇠퇴하지 않고 번영할 것으로 기대할 수 있다.


비구{bhikkhu, 수행승}들이 화합하여 모이고, 화합하여 흩어지며, 화합하여 상가{saṅgha, 공동체}의 일들을 처리하는 한, 그들은 쇠퇴하지 않고 번영할 것으로 기대할 수 있다.


비구{bhikkhu, 수행승}들이 제정되지 않은 계율을 새로 제정하지 않고, 이미 제정된 계율을 폐지하지 않으며, 제정된 학습계율{sikkhāpada, 학처}에 따라 행하는 한, 그들은 쇠퇴하지 않고 번영할 것으로 기대할 수 있다.


비구{bhikkhu, 수행승}들이 오랜 세월 출가하여 출가 경력이 깊은 장로 비구{thera bhikkhu, 원로 수행승}들, 곧 상가{saṅgha, 공동체}의 어른이자 지도자들을 공경하고 존중하며 우러르고 숭배하며, 그들의 말에 귀를 기울여야 한다고 생각하는 한, 그들은 쇠퇴하지 않고 번영할 것으로 기대할 수 있다.


비구{bhikkhu, 수행승}들이 일어난 다시-태어남에-대한-갈애{ponobhavika taṇhā, 후유의 갈애}의 지배를 받지 않는 한, 그들은 쇠퇴하지 않고 번영할 것으로 기대할 수 있다.


비구{bhikkhu, 수행승}들이 숲속의 외딴 처소에 머무는 데 뜻을 두는 한, 그들은 쇠퇴하지 않고 번영할 것으로 기대할 수 있다.


비구{bhikkhu, 수행승}들이 각자 마음챙김{sati, 념}을 확립하여, 아직 오지 않은 훌륭한 도반{brahmacārin, 청정수행 도반}들이 오고 이미 온 도반들이 편안하게 머물게 하는 한, 그들은 쇠퇴하지 않고 번영할 것으로 기대할 수 있다.


이 쇠퇴를-막는-일곱-가지-법{aparihānīya dhamma, 불퇴법}이 비구{bhikkhu, 수행승}들 사이에 유지되고, 비구{bhikkhu, 수행승}들이 이를 실천하는 한, 그들은 쇠퇴하지 않고 번영할 것으로 기대할 수 있다.


비구{bhikkhu, 수행승}들이여, 쇠퇴를-막는-일곱-가지-법{aparihānīya dhamma, 불퇴법}을 또 설하겠다.


비구{bhikkhu, 수행승}들이 일하기를 좋아하고 일에 열중하지 않는 한, 그들은 쇠퇴하지 않고 번영할 것으로 기대할 수 있다.


비구{bhikkhu, 수행승}들이 잡담하기를 좋아하고 잡담에 열중하지 않는 한,


잠자기를 좋아하고 수면에 열중하지 않는 한,


무리 짓기를 좋아하고 무리에 열중하지 않는 한,


나쁜 욕망을 품지 않고 나쁜 욕망의 지배를 받지 않는 한,


나쁜 벗, 나쁜 동료, 나쁜 무리를 사귀지 않는 한,


사소한 성취에 머물러 중간에 수행을 포기하지 않는 한, 그들은 쇠퇴하지 않고 번영할 것으로 기대할 수 있다.


이 쇠퇴를-막는-일곱-가지-법{aparihānīya dhamma, 불퇴법}이 비구{bhikkhu, 수행승}들 사이에 유지되고, 비구{bhikkhu, 수행승}들이 이를 실천하는 한, 그들은 쇠퇴하지 않고 번영할 것으로 기대할 수 있다.


비구{bhikkhu, 수행승}들이여, 쇠퇴를-막는-일곱-가지-법{aparihānīya dhamma, 불퇴법}을 또 설하겠다.


비구{bhikkhu, 수행승}들이 믿음{saddhā, 신}을 갖추고,


부끄러움을-아는-마음{hiri, 참}을 갖추고,


두려워하는-마음{ottappa, 괴}을 갖추고,


배움이-많음{bāhusacca, 다문}을 갖추고,


정진{vīriya, 노력}을 굳건히 하며,


마음챙김{sati, 념}을 확립하고,


통찰지{paññā, 혜}를 갖추는 한, 그들은 쇠퇴하지 않고 번영할 것으로 기대할 수 있다.


이 쇠퇴를-막는-일곱-가지-법{aparihānīya dhamma, 불퇴법}이 비구{bhikkhu, 수행승}들 사이에 유지되고, 비구{bhikkhu, 수행승}들이 이를 실천하는 한, 그들은 쇠퇴하지 않고 번영할 것으로 기대할 수 있다.


비구{bhikkhu, 수행승}들이여, 쇠퇴를-막는-일곱-가지-법{aparihānīya dhamma, 불퇴법}을 또 설하겠다.


비구{bhikkhu, 수행승}들이 마음챙김의-깨달음-요소{satisambojjhaṅga, 염각지}를 닦고,


법을-간택하는-깨달음-요소{dhammavicayasambojjhaṅga, 택법각지}를 닦고,


정진의-깨달음-요소{vīriyasambojjhaṅga, 정진각지}를 닦고,


희열의-깨달음-요소{pītisambojjhaṅga, 희각지}를 닦고,


고요함의-깨달음-요소{passaddhisambojjhaṅga, 경안각지}를 닦고,


삼매의-깨달음-요소{samādhisambojjhaṅga, 정각지}를 닦고,


평온의-깨달음-요소{upekkhāsambojjhaṅga, 사각지}를 닦는 한, 그들은 쇠퇴하지 않고 번영할 것으로 기대할 수 있다.


이 쇠퇴를-막는-일곱-가지-법{aparihānīya dhamma, 불퇴법}이 비구{bhikkhu, 수행승}들 사이에 유지되고, 비구{bhikkhu, 수행승}들이 이를 실천하는 한, 그들은 쇠퇴하지 않고 번영할 것으로 기대할 수 있다.


비구{bhikkhu, 수행승}들이여, 쇠퇴를-막는-일곱-가지-법{aparihānīya dhamma, 불퇴법}을 또 설하겠다.


비구{bhikkhu, 수행승}들이 무상이라는-인식{aniccasaññā, 무상상}을 닦고,


무아라는-인식{anattasaññā, 무아상}을 닦고,


부정이라는-인식{asubhasaññā, 부정상}을 닦고,


위험이라는-인식{ādīnavasaññā, 과환상}을 닦고,


버림이라는-인식{pahānasaññā, 단상}을 닦고,


탐욕이-빛바램이라는-인식{virāgasaññā, 이욕상}을 닦고,


소멸이라는-인식{nirodhasaññā, 멸상}을 닦는 한, 그들은 쇠퇴하지 않고 번영할 것으로 기대할 수 있다.


이 쇠퇴를-막는-일곱-가지-법{aparihānīya dhamma, 불퇴법}이 비구{bhikkhu, 수행승}들 사이에 유지되고, 비구{bhikkhu, 수행승}들이 이를 실천하는 한, 그들은 쇠퇴하지 않고 번영할 것으로 기대할 수 있다.


비구{bhikkhu, 수행승}들이여, 그대들에게 쇠퇴를-막는-여섯-가지-법{aparihānīya dhamma, 불퇴법}을 설하겠다.


비구{bhikkhu, 수행승}들이 대중 앞이나 홀로 있을 때나 한결같이 도반들에게 자애로운 몸의 행위를 실천하고,


자애로운 말의 행위를 실천하며,


자애로운 마음의 행위를 실천하는 한, 그들은 쇠퇴하지 않고 번영할 것으로 기대할 수 있다.


비구{bhikkhu, 수행승}들이 정당하게 얻은 공양물이라면 심지어 발우에 담긴 밥 한 덩이까지도 남김없이 계행을 갖춘 도반들과 함께 골고루 나누어 사용하는 한, 그들은 쇠퇴하지 않고 번영할 것으로 기대할 수 있다.


비구{bhikkhu, 수행승}들이 대중 앞이나 홀로 있을 때나 훼손되지 않고 흠이 없으며 깨끗하고 더러움이 없으며, 자유롭게 하고 지혜로운 자들의 칭송을 받으며, 집착에 물들지 않고 삼매{samādhi, 정}로 이끄는 계율{sīla, 계행}을 도반들과 함께 지켜나가는 한, 그들은 쇠퇴하지 않고 번영할 것으로 기대할 수 있다.


비구{bhikkhu, 수행승}들이 대중 앞이나 홀로 있을 때나 성스럽고 해탈로 이끌며 이를 실천하는 자를 온전한 괴로움의 소멸로 이끄는 견해{diṭṭhi, 견}를 도반들과 함께 지켜나가는 한, 그들은 쇠퇴하지 않고 번영할 것으로 기대할 수 있다.


이 쇠퇴를-막는-여섯-가지-법{aparihānīya dhamma, 불퇴법}이 비구{bhikkhu, 수행승}들 사이에 유지되고, 비구{bhikkhu, 수행승}들이 이를 실천하는 한, 그들은 쇠퇴하지 않고 번영할 것으로 기대할 수 있다.


그리고 독수리-봉우리-산{gijjhakūṭa pabbata, 영축산}에 머무시는 동안 세존{bhagavant, 존귀한 분}께서는 종종 비구{bhikkhu, 수행승}들에게 이러한 법문{dhammī kathā, 법에 대한 말씀}을 설하셨다.


이것이 계{sīla, 계행}이고, 이것이 삼매{samādhi, 정}이며, 이것이 통찰지{paññā, 혜}이다.


계{sīla, 계행}를 갖추어 닦은 삼매{samādhi, 정}는 큰 결실과 이익을 가져온다.


삼매{samādhi, 정}를 갖추어 닦은 통찰지{paññā, 혜}는 큰 결실과 이익을 가져온다.


통찰지{paññā, 혜}를 갖추어 닦은 마음{citta, 정신}은 번뇌들, 곧 감각적-욕망의-번뇌{kāmāsava, 욕유루}, 존재의-번뇌{bhavāsava, 유유루}, 무명의-번뇌{avijjāsava, 무명유루}로부터 바르게 해탈한다.


세존{bhagavant, 존귀한 분}께서는 라자가하{rājagaha, 왕사성}에 머무실 만큼 머무신 뒤 아난다{ānanda, 아난} 존자{āyasmant, 덕 높은 이}에게 말씀하셨다.


가자, 아난다{ānanda, 아난}여. 암발랏티까{ambalaṭṭhikā, 암바라제}로 가자.


세존{bhagavant, 존귀한 분}이시여, 그렇게 하겠습니다.


세존{bhagavant, 존귀한 분}께서는 큰 비구-상가{bhikkhu saṅgha, 수행승 공동체}와 함께 암발랏티까{ambalaṭṭhikā, 암바라제}에 이르러 왕실 휴양소에 머무셨다.


그곳에 머무시는 동안에도 비구{bhikkhu, 수행승}들에게 이러한 법문{dhammī kathā, 법에 대한 말씀}을 자주 설하셨다.


이것이 계{sīla, 계행}이고, 이것이 삼매{samādhi, 정}이며, 이것이 통찰지{paññā, 혜}이다.


계{sīla, 계행}를 갖추어 닦은 삼매{samādhi, 정}는 큰 결실과 이익을 가져온다.


삼매{samādhi, 정}를 갖추어 닦은 통찰지{paññā, 혜}는 큰 결실과 이익을 가져온다.


통찰지{paññā, 혜}를 갖추어 닦은 마음{citta, 정신}은 번뇌들, 곧 감각적-욕망의-번뇌{kāmāsava, 욕유루}, 존재의-번뇌{bhavāsava, 유유루}, 무명의-번뇌{avijjāsava, 무명유루}로부터 바르게 해탈한다.


세존{bhagavant, 존귀한 분}께서는 암발랏티까{ambalaṭṭhikā, 암바라제}에 머무실 만큼 머무신 뒤 아난다{ānanda, 아난} 존자{āyasmant, 덕 높은 이}에게 말씀하셨다.


가자, 아난다{ānanda, 아난}여. 날란다{nāḷandā, 나란타}로 가자.


세존{bhagavant, 존귀한 분}이시여, 그렇게 하겠습니다.


세존{bhagavant, 존귀한 분}께서는 큰 비구-상가{bhikkhu saṅgha, 수행승 공동체}와 함께 날란다{nāḷandā, 나란타}에 이르러 빠와리까{pāvārika, 파바리가}의 망고나무 숲에 머무셨다.


그때 사리뿟따{sāriputta, 사리불} 존자{āyasmant, 덕 높은 이}가 세존{bhagavant, 존귀한 분}께 다가가 절을 올리고 한 곁에 앉아서 말씀드렸다.


세존{bhagavant, 존귀한 분}이시여, 저는 세존{bhagavant, 존귀한 분}에 대한 청정한 믿음이 있어 이렇게 생각합니다.


과거든 미래든 현재든 그 어떤 사문{samaṇa, 출가 수행자}이나 바라문{brāhmaṇa, 사제}도 깨달음에 있어서 세존{bhagavant, 존귀한 분}보다 더 뛰어난 최상의 앎{abhiññā, 신통지}을 지닌 자는 없습니다.


사리뿟따{sāriputta, 사리불}여, 그대는 참으로 웅대하고 당당한 말을 하였고, 결정적이고 단정적인 사자후{sīhanāda, 위엄 있는 외침}를 토해냈다.


과거에 살았던 모든 완성자 아라한{arahant, 공양받아 마땅한 완성자} 정등각자{sammāsambuddha, 완전한 깨달음을 이룬 부처}들을 그대의 마음으로 그들의 마음을 감싸 알아서 그 부처님들이 이러한 계{sīla, 계행}를 지녔고, 이러한 법을 지녔으며, 이러한 통찰지{paññā, 혜}를 지녔고, 이러한 머묾을 지녔으며, 이러한 해탈{vimutti, 벗어남}을 성취했음을 아는가?


세존{bhagavant, 존귀한 분}이시여, 그렇지 못합니다.


그러면 미래에 출현할 모든 완성자 아라한{arahant, 공양받아 마땅한 완성자} 정등각자{sammāsambuddha, 완전한 깨달음을 이룬 부처}들을 그대의 마음으로 그들의 마음을 감싸 알아서 그 부처님들이 이러한 계{sīla, 계행}를 지닐 것이고, 이러한 법을 지닐 것이며, 이러한 통찰지{paññā, 혜}를 지닐 것이고, 이러한 머묾을 지닐 것이며, 이러한 해탈{vimutti, 벗어남}을 성취할 것임을 아는가?


세존{bhagavant, 존귀한 분}이시여, 그렇지 못합니다.


그러면 현재 완성자 아라한{arahant, 공양받아 마땅한 완성자} 정등각자{sammāsambuddha, 완전한 깨달음을 이룬 부처}인 나를 그대의 마음으로 나의 마음을 감싸 알아서 내가 이러한 계{sīla, 계행}를 지녔고, 이러한 법을 지녔으며, 이러한 통찰지{paññā, 혜}를 지녔고, 이러한 머묾을 지녔으며, 이러한 해탈{vimutti, 벗어남}을 성취했음을 아는가?


세존{bhagavant, 존귀한 분}이시여, 그렇지 못합니다.


사리뿟따{sāriputta, 사리불}여, 그대는 과거, 미래, 현재의 부처님들의 마음을 알지 못하면서 어찌하여 그런 웅대하고 당당한 말을 하고 결정적이고 단정적인 사자후{sīhanāda, 위엄 있는 외침}를 토하는가?


세존{bhagavant, 존귀한 분}이시여, 저는 과거, 미래, 현재 부처님들의 마음을 꿰뚫어 알지는 못하지만, 법의 흐름에 따른 추론{dhammanvaya, 법의 필연성}을 알고 있습니다.


비유하자면 견고한 성벽과 망루와 단 하나의 문만을 가진 왕의 국경 요새 도시가 있고, 총명하고 지혜로운 문지기가 있어 낯선 사람은 막고 아는 사람만 들여보내는 것과 같습니다.


그 문지기가 성벽 주변 통로를 둘러볼 때 담장 틈새나 고양이 한 마리 빠져나갈 구멍조차 보이지 않는다면, 그는 ‘이 성에 들어오거나 나가는 큰 생명체들은 모두 이 문을 통해서만 드나든다’고 여길 것입니다.


이와 마찬가지로 저는 법의 흐름에 따른 추론{dhammanvaya, 법의 필연성}으로 알고 있습니다.


과거, 미래, 현재의 모든 완성자 아라한{arahant, 공양받아 마땅한 완성자} 정등각자{sammāsambuddha, 완전한 깨달음을 이룬 부처}들께서는 통찰지{paññā, 혜}를 무력하게 만드는 마음의 오염원인 다섯-가지-장애{pañca nīvaraṇa, 오개}를 버리셨고,


네-가지-마음챙김의-확립{cattāro satipaṭṭhāna, 사념처}에 마음을 굳건히 세우셨으며,


일곱-가지-깨달음의-요소{satta bojjhaṅga, 칠각지}를 올바르게 닦으셔서 위없는 바른 깨달음인 무상정등각{anuttara sammāsambodhi, 아뇩다라삼먁삼보리}을 성취하셨다는 사실을 압니다.


날란다{nāḷandā, 나란타}에 머무시는 동안에도 세존{bhagavant, 존귀한 분}께서는 비구{bhikkhu, 수행승}들에게 이러한 법문{dhammī kathā, 법에 대한 말씀}을 자주 설하셨다.


이것이 계{sīla, 계행}이고, 이것이 삼매{samādhi, 정}이며, 이것이 통찰지{paññā, 혜}이다.


계{sīla, 계행}를 갖추어 닦은 삼매{samādhi, 정}는 큰 결실과 이익을 가져온다.


삼매{samādhi, 정}를 갖추어 닦은 통찰지{paññā, 혜}는 큰 결실과 이익을 가져온다.


통찰지{paññā, 혜}를 갖추어 닦은 마음{citta, 정신}은 번뇌들, 곧 감각적-욕망의-번뇌{kāmāsava, 욕유루}, 존재의-번뇌{bhavāsava, 유유루}, 무명의-번뇌{avijjāsava, 무명유루}로부터 바르게 해탈한다.


세존{bhagavant, 존귀한 분}께서는 날란다{nāḷandā, 나란타}에 머무실 만큼 머무신 뒤 아난다{ānanda, 아난} 존자{āyasmant, 덕 높은 이}에게 말씀하셨다.


가자, 아난다{ānanda, 아난}여. 빠딸리-마을{pāṭaligāma, 파타리촌}로 가자.


세존{bhagavant, 존귀한 분}이시여, 그렇게 하겠습니다.


세존{bhagavant, 존귀한 분}께서는 큰 비구-상가{bhikkhu saṅgha, 수행승 공동체}와 함께 빠딸리-마을{pāṭaligāma, 파타리촌}에 도착하셨다.


빠딸리-마을{pāṭaligāma, 파타리촌}의 재가신자{upāsaka, 우바새}들은 세존께서 오셨다는 말을 듣고 세존{bhagavant, 존귀한 분}께 다가가 절을 올리고 한 곁에 앉아서 말씀드렸다.


세존{bhagavant, 존귀한 분}이시여, 부디 저희들의 객소에 머물러 주시옵소서.


세존{bhagavant, 존귀한 분}께서는 침묵으로 승낙하셨다.


빠딸리-마을{pāṭaligāma, 파타리촌}의 재가신자{upāsaka, 우바새}들은 승낙하신 것을 알고 자리에서 일어나 절을 올리고 세존{bhagavant, 존귀한 분}을 오른편으로 돌며 경의를 표한 뒤 객소로 갔다.


그들은 사방에 깔개를 펴고 자리를 마련하며, 물 항아리를 두고 기름등잔잔을 켜놓았다.


그리고 다시 세존{bhagavant, 존귀한 분}께 가서 절을 올리고 한 곁에 서서 말씀드렸다.


세존{bhagavant, 존귀한 분}이시여, 준비를 마쳤사오니 편하신 대로 오시옵소서.


아침에 세존{bhagavant, 존귀한 분}께서는 옷을 입고 가사와 발우를 챙겨 비구-상가{bhikkhu saṅgha, 수행승 공동체}와 함께 객소로 가셨다.


발을 씻으신 뒤 객소로 들어가 동쪽을 바라보며 중앙 기둥을 등지고 앉으셨다.


비구-상가{bhikkhu saṅgha, 수행승 공동체}도 발을 씻고 들어가 서쪽 벽을 등지고 동쪽을 바라보며 앉았고 세존께서는 그들 앞에 계셨다.


빠딸리-마을{pāṭaligāma, 파타리촌}의 재가신자{upāsaka, 우바새}들도 발을 씻고 들어가 동쪽 벽을 등지고 서쪽을 바라보며 앉았고 세존께서는 그들 앞에 계셨다.


세존{bhagavant, 존귀한 분}께서는 그들에게 말씀하셨다.


재가신자들이여, 계율{sīla, 계행}이 없고 계를 어긴 자에게는 다섯 가지 과환{ādīnava, 결점과 위험}이 있다. 무엇이 다섯인가?


첫째, 계를 지키지 않는 자는 방일{pamāda, 게으름}함으로 인해 큰 재물을 잃는다.


둘째, 계를 지키지 않는 자는 악한 명성을 얻는다.


셋째, 계를 지키지 않는 자는 귀족 모임, 바라문{brāhmaṇa, 사제} 모임, 재가신자 모임, 사문{samaṇa, 출가 수행자} 모임 등 어떤 모임에 가더라도 자신감이 없고 당황해한다.


넷째, 계를 지키지 않는 자는 혼란에 빠져 죽음을 맞이한다.


다섯째, 계를 지키지 않는 자는 몸이 무너져 죽은 뒤 파멸처, 악처, 험난한 곳, 지옥{niraya, 나락}에 태어난다.


이것이 계율{sīla, 계행}이 없고 계를 어긴 자에게 따르는 다섯 가지 과환{ādīnava, 결점과 위험}이다.


재가신자들이여, 계율{sīla, 계행}을 갖추고 계를 성취한 자에게는 다섯 가지 공덕{ānisaṁsa, 이익}이 있다. 무엇이 다섯인가?


첫째, 계를 갖춘 자는 불방일{appamāda, 부지런한 노력}함으로 인해 큰 재물을 얻는다.


둘째, 계를 갖춘 자는 좋은 명성을 얻는다.


셋째, 계를 갖춘 자는 귀족 모임, 바라문{brāhmaṇa, 사제} 모임, 재가신자 모임, 사문{samaṇa, 출가 수행자} 모임 등 어떤 모임에 가더라도 당당하고 두려움이 없다.


넷째, 계를 갖춘 자는 혼란에 빠지지 않고 평온하게 죽음을 맞이한다.


다섯째, 계를 갖춘 자는 몸이 무너져 죽은 뒤 좋은 곳, 천상-세계{sagga loka, 천계}에 태어난다.


이것이 계율{sīla, 계행}을 갖추고 계를 성취한 자에게 따르는 다섯 가지 공덕{ānisaṁsa, 이익}이다.


세존{bhagavant, 존귀한 분}께서는 밤이 깊도록 법문{dhammī kathā, 법에 대한 말씀}으로 빠딸리-마을{pāṭaligāma, 파타리촌} 재가신자들을 가르치고 격려하며 고무하고 기쁘게 하셨다.


그리고 그들을 돌려보내셨다.


재가신자들이여, 밤이 깊었습니다. 이제 편하신 대로 가십시오.


그들은 자리에서 일어나 절을 올리고 세존{bhagavant, 존귀한 분}을 오른편으로 돌며 경의를 표한 뒤 떠났다.


그들이 떠난 뒤 세존께서는 빈방으로 들어가셨다.


그 무렵 마가다{magadha, 마갈타}의 대신 수니다{sunidha, 수니타}와 왓사까라{vassakāra, 우사익}는 왓지{vajji, 발기}족의 침략을 막기 위해 빠딸리-마을{pāṭaligāma, 파타리촌}에 성채를 건설하고 있었다.


그때 수천의 신{deva, 천신}들이 빠딸리-마을{pāṭaligāma, 파타리촌}의 터를 차지하고 있었다.


뛰어난 신{deva, 천신}들이 자리 잡은 곳에는 권세 있는 왕이나 대신들이 집을 지으려 했고,


중간급 신{deva, 천신}들이 자리 잡은 곳에는 중간급 왕이나 대신들이 집을 지으려 했으며,


낮은 신{deva, 천신}들이 자리 잡은 곳에는 낮은 신분의 왕이나 대신들이 집을 지으려 했다.


세존{bhagavant, 존귀한 분}께서는 청정하고 인간을 뛰어넘는 신통한-눈{dibbacakkhu, 천안}으로 빠딸리-마을{pāṭaligāma, 파타리촌}의 땅을 차지하고 있는 그 신{deva, 천신}들을 보셨다.


세존{bhagavant, 존귀한 분}께서는 새벽에 일어나 아난다{ānanda, 아난}에게 물으셨다.


아난다{ānanda, 아난}여, 누가 빠딸리-마을{pāṭaligāma, 파타리촌}에 성채를 짓고 있는가?


세존{bhagavant, 존귀한 분}이시여, 마가다{magadha, 마갈타}의 대신 수니다{sunidha, 수니타}와 왓사까라{vassakāra, 우사익}가 왓지{vajji, 발기}족을 막기 위해 성채를 짓고 있습니다.


마치 삼십삼천{tāvatiṁsa, 도리천}의 신들과 의논하여 성채를 짓는 것과 같구나.


내가 청정하고 인간을 뛰어넘는 신통한-눈{dibbacakkhu, 천안}으로 신{deva, 천신}들이 터를 차지하고 있는 것을 보았다.


문명이 닿는 곳, 상인들의 교역이 미치는 한, 이곳은 으뜸가는 도시인 빠딸리뿟따{pāṭaliputta, 화씨성} 무역 중심지가 될 것이다.


그러나 빠딸리뿟따{pāṭaliputta, 화씨성}는 화재와 홍수와 내부 분열이라는 세 가지 재난을 겪을 것이다.


그때 마가다{magadha, 마갈타}의 대신 수니다{sunidha, 수니타}와 왓사까라{vassakāra, 우사익}가 세존{bhagavant, 존귀한 분}께 다가와 정중히 인사를 나눈 뒤 한 곁에 서서 말씀드렸다.


존자{bho, 존귀한 이} 고따마{gotama, 구담}시여, 비구-상가{bhikkhu saṅgha, 수행승 공동체}와 함께 오늘 저희의 공양을 받아주시옵소서.


세존{bhagavant, 존귀한 분}께서는 침묵으로 승낙하셨다.


그들은 승낙을 확인하고 자신들의 처소로 돌아가 훌륭한 음식을 정성껏 준비했다.


그리고 세존{bhagavant, 존귀한 분}께 시간이 되었음을 알렸다.


존자{bho, 존귀한 이} 고따마{gotama, 구담}시여, 음식이 준비되었사오니 때가 되었습니다.


아침에 세존{bhagavant, 존귀한 분}께서는 비구-상가{bhikkhu saṅgha, 수행승 공동체}와 함께 그들의 처소로 가셔서 마련된 자리에 앉으셨다.


수니다{sunidha, 수니타}와 왓사까라{vassakāra, 우사익}는 세존{bhagavant, 존귀한 분}을 으뜸으로 하는 비구-상가{bhikkhu saṅgha, 수행승 공동체}에 손수 맛있는 음식을 차려 올려 만족하게 해드렸다.


세존{bhagavant, 존귀한 분}께서 공양을 마치고 발우와 손을 씻으시자, 그들은 낮은 자리에 앉았다.


세존{bhagavant, 존귀한 분}께서는 이 게송{gāthā, 시구}으로 축원하셨다.


지혜로운 자는 자신이 머무는 곳에서


덕행과 계율을 갖춘 자,


절제하며 청정한 삶을 사는 수행자들을 공양하고


그곳에 깃든 신{deva, 천신}들에게 공덕을 회향해야 하네.


공경받은 신들은 그를 공경하고


존중받은 신들은 그를 존중하리니


마치 어머니가 가슴에 품은 친자식을 돌보듯


그에게 자애를 베푸네.


신{deva, 천신}들의 사랑을 받는 자는


언제나 상서로운 일만을 보리라.


세존{bhagavant, 존귀한 분}께서는 축원을 마치신 뒤 자리에서 일어나 떠나셨다.


수니다{sunidha, 수니타}와 왓사까라{vassakāra, 우사익}는 세존의 뒤를 따르며 생각했다.


오늘 고따마 사문{samaṇa, 출가 수행자}께서 나가시는 문을 ‘고따마-문’이라 부르고, 건너시는 강 여울을 ‘고따마-여울’이라 부르리라.


세존{bhagavant, 존귀한 분}께서 나가신 문은 ‘고따마-문’이라 불리게 되었다.


세존{bhagavant, 존귀한 분}께서는 갠지스-강{gaṅgā, 항하}에 이르셨다.


그때 갠지스-강{gaṅgā, 항하}은 까마귀가 물을 마실 수 있을 정도로 물이 가득 차 넘실거리고 있었다.


저편 언덕으로 건너가려는 사람들은 배를 찾거나 뗏목을 엮고 있었다.


그러나 세존{bhagavant, 존귀한 분}께서는 비구-상가{bhikkhu saṅgha, 수행승 공동체}와 함께, 힘센 사람이 팔을 굽혔다 펴는 순간처럼 순식간에 이편 언덕에서 사라져 저편 언덕에 나타나셨다.


세존{bhagavant, 존귀한 분}께서는 강을 건너려 애쓰는 사람들을 보시고 이 뜻을 알아 감흥어{udāna, 우다나}를 읊으셨다.


거센 물결과 격류를 건너는 자들은


다리를 놓고 늪지대를 벗어났도다.


어떤 이들은 아직 뗏목을 엮고 있지만


지혜로운 이들은 이미 강을 건넜도다.


세존{bhagavant, 존귀한 분}께서는 아난다{ānanda, 아난} 존자{āyasmant, 덕 높은 이}에게 말씀하셨다.


가자, 아난다{ānanda, 아난}여. 꼬띠-마을{koṭigāma, 구제촌}로 가자.


세존{bhagavant, 존귀한 분}이시여, 그렇게 하겠습니다.


세존{bhagavant, 존귀한 분}께서는 큰 비구-상가{bhikkhu saṅgha, 수행승 공동체}와 함께 꼬띠-마을{koṭigāma, 구제촌}에 도착하여 머무셨다.


그곳에서 비구{bhikkhu, 수행승}들에게 말씀하셨다.


비구{bhikkhu, 수행승}들이여, 네-가지-성스러운-진리{cattāri ariyasaccāni, 사성제}를 깨닫지 못하고 꿰뚫지 못했기 때문에 그대들과 나는 이처럼 오랜 세월 윤회{saṁsāra, 생사유전}하며 떠돌았다.


무엇이 네 가지인가?


괴로움의-성스러운-진리{dukkha ariyasacca, 고성제},


괴로움의-일어남의-성스러운-진리{dukkhasamudaya ariyasacca, 집성제},


괴로움의-소멸의-성스러운-진리{dukkhanirodha ariyasacca, 멸성제},


괴로움의-소멸로-인도하는-길의-성스러운-진리{dukkhanirodhagāminī paṭipadā ariyasacca, 도성제}이다.


이제 괴로움, 일어남, 소멸, 길의 네-가지-성스러운-진리{cattāri ariyasaccāni, 사성제}를 깨닫고 꿰뚫었다.


존재에 대한 갈애{taṇhā, 애착}는 끊어졌고 존재의 밧줄은 부서졌으니 이제 다시 태어남은 없다.


세존{bhagavant, 존귀한 분}께서는 이 게송{gāthā, 시구}을 읊으셨다.


네-가지-성스러운-진리{cattāri ariyasaccāni, 사성제}를


참되게 보지 못하였기에


우리는 오랜 세월


이 생에서 저 생으로 윤회하였네.


이제 이 진리들을 보았으니


존재의 밧줄은 끊어졌고


괴로움의 뿌리는 잘려 나갔으니


더 이상 다시 태어남은 없으리라.


꼬띠-마을{koṭigāma, 구제촌}에 머무시는 동안에도 세존{bhagavant, 존귀한 분}께서는 비구{bhikkhu, 수행승}들에게 이러한 법문{dhammī kathā, 법에 대한 말씀}을 자주 설하셨다.


이것이 계{sīla, 계행}이고, 이것이 삼매{samādhi, 정}이며, 이것이 통찰지{paññā, 혜}이다.


계{sīla, 계행}를 갖추어 닦은 삼매{samādhi, 정}는 큰 결실과 이익을 가져온다.


삼매{samādhi, 정}를 갖추어 닦은 통찰지{paññā, 혜}는 큰 결실과 이익을 가져온다.


통찰지{paññā, 혜}를 갖추어 닦은 마음{citta, 정신}은 번뇌들, 곧 감각적-욕망의-번뇌{kāmāsava, 욕유루}, 존재의-번뇌{bhavāsava, 유유루}, 무명의-번뇌{avijjāsava, 무명유루}로부터 바르게 해탈한다.


세존{bhagavant, 존귀한 분}께서는 꼬띠-마을{koṭigāma, 구제촌}에 머무실 만큼 머무신 뒤 아난다{ānanda, 아난}에게 말씀하셨다.


가자, 아난다{ānanda, 아난}여. 냐띠까{ñātika, 나제}로 가자.


세존{bhagavant, 존귀한 분}이시여, 그렇게 하겠습니다.


세존{bhagavant, 존귀한 분}께서는 큰 비구-상가{bhikkhu saṅgha, 수행승 공동체}와 함께 냐띠까{ñātika, 나제}에 이르러 벽돌집에 머무셨다.


그때 아난다{ānanda, 아난} 존자{āyasmant, 덕 높은 이}가 세존{bhagavant, 존귀한 분}께 다가가 여쭈었다.


세존{bhagavant, 존귀한 분}이시여, 살하라는 비구{bhikkhu, 수행승}가 냐띠까{ñātika, 나제}에서 세상을 떠났습니다. 그는 어디에 태어났습니까?


난다라는 비구니{bhikkhunī, 여성 출가 수행자}, 수닷따라는 남자 신도, 수자따라는 여자 신도가 세상을 떠났습니다. 그들은 어디에 태어났습니까?


깍까따, 깔리바, 니까따, 까띳사하, 뚯타, 산뚯타, 밧다, 수밧다라는 남자 신도들이 세상을 떠났습니다. 그들은 어디에 태어났습니까?


아난다{ānanda, 아난}여, 비구{bhikkhu, 수행승} 살하는 번뇌가 다하여 번뇌 없는 마음의 해탈과 통찰지에 의한 해탈{paññāvimutti, 혜해탈}을 현세에서 스스로 증득하였다.


비구니{bhikkhunī, 여성 출가 수행자} 난다는 다섯-가지-낮은-단계의-족쇄{orambhāgiya saṁyojana, 오하분결}를 끊어 화생{opapātika, 스스로 태어남}하였으며 그곳에서 완전한 열반에 들어 다시는 이 세상으로 돌아오지 않는 불환자{anāgāmin, 아나함}가 되었다.


남자 신도 수닷따는 세-가지-족쇄{saṁyojana, 결}를 끊고 탐욕{rāga, 탐}, 성냄{dosa, 진}, 어리석음{moha, 치}을 엷게 하여 일래자{sakadāgāmin, 사다함}가 되었으니 단 한 번만 이 세상에 돌아와 괴로움을 끝낼 것이다.


여자 신도 수자따는 세-가지-족쇄{saṁyojana, 결}를 끊어 악처에 떨어지지 않고 해탈이 결정된 예류자{sotāpanna, 수다원}가 되었다.


깍까따를 비롯한 신도들도 다섯-가지-낮은-단계의-족쇄{orambhāgiya saṁyojana, 오하분결}를 끊고 불환자{anāgāmin, 아나함}가 되었다.


냐띠까{ñātika, 나제}에서 쉰 명이 넘는 남자 신도들이 불환자{anāgāmin, 아나함}과를 얻어 세상을 떠났고,


아흔 명이 넘는 신도들이 일래자{sakadāgāmin, 사다함}과를 얻었으며,


오백 명이 넘는 신도들이 예류자{sotāpanna, 수다원}과를 얻어 세상을 떠났다.


아난다{ānanda, 아난}여, 사람이 태어나 죽는 것은 당연한 일이다.


누군가 죽을 때마다 나에게 와서 묻는다면 그것은 나를 번거롭게 하는 일이다.


그러므로 아난다{ānanda, 아난}여, 성스러운 제자가 스스로 선언할 수 있는 법의-거울{dhammādāsa, 법경}이라는 법문{dhammī kathā, 법에 대한 말씀}을 가르쳐주겠다.


그것을 갖춘 제자는 ‘나는 지옥{niraya, 나락}을 끝냈고 축생과 아귀의 세상을 끝냈으며 모든 파멸처를 끝냈다. 나는 악처에 떨어지지 않고 완전한 깨달음에 이를 것이 확정된 예류자{sotāpanna, 수다원}이다’라고 스스로 밝힐 수 있다.


그 법의-거울{dhammādāsa, 법경}이란 무엇인가?


성스러운 제자는 부처님에 대한 확고한 청정한-믿음{aveccappasāda, 불괴정}을 지닌다.


‘그 세존{bhagavant, 존귀한 분}께서는 거룩한 분 아라한{arahant, 공양받아 마땅한 완성자}이시며, 바르게 완전히 깨달으신 분 정등각자{sammāsambuddha, 완전한 깨달음을 이룬 부처}이시고, 지혜와 덕행을 갖추신 분 명행족{vijjācaraṇasampanna, 명행실천을 완성한 분}이시며, 진리의 길을 잘 가신 분 선서{sugata, 훌륭하게 도달한 분}이시고, 세상을 잘 아시는 분 세간해{lokavidū, 세상을 통찰한 분}이시며, 위없이 높은 사람을 길들이는 분 무상사조어장부{anuttaro purisadammasārathi, 인간을 길들이는 위없는 지도자}이시고, 신들과 인간의 스승 천인사{satthā devamanussānaṁ, 신과 인간의 교사}이시며, 깨달으신 분 불타{buddha, 깨달은 분}이시며, 세상의 존귀한 분 세존{bhagavant, 존귀한 분}이시다.’


또한 가르침에 대한 확고한 청정한-믿음{aveccappasāda, 불괴정}을 지닌다.


‘가르침은 세존{bhagavant, 존귀한 분}에 의해 잘 설해졌고, 스스로 보아 알 수 있는 것이며, 때를 넘기지 않고 즉각적인 결과를 가져오며, 와서 보라는 것이며, 향상으로 이끌고, 지혜로운 이들이 스스로 알아야 하는 것이다.’


또한 상가{saṅgha, 공동체}에 대한 확고한 청정한-믿음{aveccappasāda, 불괴정}을 지닌다.


‘세존{bhagavant, 존귀한 분}의 제자들의 상가{saṅgha, 공동체}는 바르게 실천하고, 곧게 실천하며, 이치에 맞게 실천하고, 올바르게 실천한다. 이들은 네 쌍의 존재들이요 여덟 사람의 성자{ariya puggala, 성스러운 성자}들이다. 이들이야말로 공양받을 만하고, 환대받을 만하며, 보시받을 만하고, 합장경배를 받을 만하며, 세상의 위없는 복밭{puññakkhetta, 복전}이다.’


그리고 성자들이 사랑하는 깨끗하고 흠이 없는 온전한 계율{sīla, 계행}을 갖추어 삼매{samādhi, 정}로 나아간다.


이것이 바로 법의-거울{dhammādāsa, 법경}이다.


냐띠까{ñātika, 나제}에 머무시는 동안에도 세존{bhagavant, 존귀한 분}께서는 비구{bhikkhu, 수행승}들에게 이러한 법문{dhammī kathā, 법에 대한 말씀}을 자주 설하셨다.


이것이 계{sīla, 계행}이고, 이것이 삼매{samādhi, 정}이며, 이것이 통찰지{paññā, 혜}이다.


계{sīla, 계행}를 갖추어 닦은 삼매{samādhi, 정}는 큰 결실과 이익을 가져온다.


삼매{samādhi, 정}를 갖추어 닦은 통찰지{paññā, 혜}는 큰 결실과 이익을 가져온다.


통찰지{paññā, 혜}를 갖추어 닦은 마음{citta, 정신}은 번뇌들, 곧 감각적-욕망의-번뇌{kāmāsava, 욕유루}, 존재의-번뇌{bhavāsava, 유유루}, 무명의-번뇌{avijjāsava, 무명유루}로부터 바르게 해탈한다.


세존{bhagavant, 존귀한 분}께서는 냐띠까{ñātika, 나제}에 머무실 만큼 머무신 뒤 아난다{ānanda, 아난}에게 말씀하셨다.


가자, 아난다{ānanda, 아난}여. 웨살리{vesālī, 바이샬리}로 가자.


세존{bhagavant, 존귀한 분}이시여, 그렇게 하겠습니다.


세존{bhagavant, 존귀한 분}께서는 큰 비구-상가{bhikkhu saṅgha, 수행승 공동체}와 함께 웨살리{vesālī, 바이샬리}에 이르러 암바빨리{ambapālī, 암바파리}의 망고나무 숲에 머무셨다.


그곳에서 비구{bhikkhu, 수행승}들에게 말씀하셨다.


비구{bhikkhu, 수행승}들이여, 비구는 마음챙김{sati, 념}과 알아차림{sampajañña, 정지}을 갖추고 머물러야 한다. 이것이 그대들에게 주는 나의 훈계이다.


비구는 어떻게 마음챙기는가?


몸에서 몸을 관찰하며 머물고, 세상에 대한 탐욕과 불만을 제거하며, 열성적으로, 알아차림{sampajañña, 정지}과 마음챙김{sati, 념}을 갖추어 닦는다.


느낌에서 느낌을 … 마음에서 마음을 … 법에서 법을 관찰하며 머문다. 이것이 마음챙김{sati, 념}이다.


비구는 어떻게 알아차리는가?


나아갈 때와 돌아올 때 분명하게 알아차리고, 앞을 볼 때와 돌아볼 때, 구부릴 때와 펼 때, 가사와 발우를 지닐 때, 먹고 마시고 씹고 맛볼 때, 대소변을 볼 때, 걷고 서고 앉고 잠들고 깨어날 때, 말하고 침묵할 때 분명하게 알아차린다. 이것이 알아차림{sampajañña, 정지}이다.


창녀 암바빨리{ambapālī, 암바파리}는 세존{bhagavant, 존귀한 분}께서 자신의 망고나무 숲에 오셨다는 소식을 듣고 훌륭한 수레를 타고 찾아왔다.


수레에서 내려 걸어서 세존{bhagavant, 존귀한 분}께 다가가 절을 올리고 한 곁에 앉았다.


세존{bhagavant, 존귀한 분}께서는 법문{dhammī kathā, 법에 대한 말씀}으로 그녀를 가르치고 격려하셨다.


그녀는 내일 비구-상가{bhikkhu saṅgha, 수행승 공동체}와 함께 자신의 공양을 받아주실 것을 청했고, 세존{bhagavant, 존귀한 분}께서는 침묵으로 승낙하셨다.


암바빨리{ambapālī, 암바파리}는 기뻐하며 물러갔다.


웨살리{vesālī, 바이샬리}의 릿차위{licchavi, 립차} 귀족 청년들도 세존의 도착 소식을 듣고 화려한 옷을 입고 수레를 몰아 찾아왔다.


길에서 암바빨리{ambapālī, 암바파리}의 수레와 릿차위{licchavi, 립차}들의 수레가 부딪쳤다.


그들이 이유를 묻자 그녀는 내일 세존과 비구-상가{bhikkhu saṅgha, 수행승 공동체}를 모시기로 했다고 답했다.


릿차위{licchavi, 립차}들이 막대한 돈을 줄 테니 그 공양을 양보하라고 했으나, 그녀는 온 나라를 준다 해도 양보할 수 없다고 거절했다.


릿차위{licchavi, 립차}들은 망고나무 숲으로 향했다.


세존{bhagavant, 존귀한 분}께서는 멀리서 오는 그들을 보시고 말씀하셨다.


삼십삼천{tāvatiṁsa, 도리천}의 신들을 보지 못한 비구들은 저 릿차위{licchavi, 립차} 무리를 보아라. 그들의 모습이 마치 삼십삼천의 신들과 같구나.


릿차위{licchavi, 립차}들도 세존께 내일의 공양을 청했으나, 세존께서는 이미 암바빨리{ambapālī, 암바파리}의 청을 수락했다고 말씀하셨다.


그들은 아쉬워하며 물러났다.


다음 날 아침 세존{bhagavant, 존귀한 분}께서는 비구-상가{bhikkhu saṅgha, 수행승 공동체}와 함께 암바빨리{ambapālī, 암바파리}의 처소로 가셔서 공양을 받으셨다.


공양이 끝난 뒤 암바빨리{ambapālī, 암바파리}는 이 망고나무 숲을 비구-상가{bhikkhu saṅgha, 수행승 공동체}에 바쳤고, 세존께서는 이를 수락하셨다.


웨살리{vesālī, 바이샬리}에 머무시는 동안에도 세존{bhagavant, 존귀한 분}께서는 비구{bhikkhu, 수행승}들에게 이러한 법문{dhammī kathā, 법에 대한 말씀}을 자주 설하셨다.


이것이 계{sīla, 계행}이고, 이것이 삼매{samādhi, 정}이며, 이것이 통찰지{paññā, 혜}이다.


계{sīla, 계행}를 갖추어 닦은 삼매{samādhi, 정}는 큰 결실과 이익을 가져온다.


삼매{samādhi, 정}를 갖추어 닦은 통찰지{paññā, 혜}는 큰 결실과 이익을 가져온다.


통찰지{paññā, 혜}를 갖추어 닦은 마음{citta, 정신}은 번뇌들, 곧 감각적-욕망의-번뇌{kāmāsava, 욕유루}, 존재의-번뇌{bhavāsava, 유유루}, 무명의-번뇌{avijjāsava, 무명유루}로부터 바르게 해탈한다.


세존{bhagavant, 존귀한 분}께서는 암바빨리{ambapālī, 암바파리}의 망고나무 숲을 떠나 벨루와-마을{beluvagāmaka, 죽림촌}로 가셔서 안거{vassa, 우안거}에 드셨다.


세존{bhagavant, 존귀한 분}께서는 비구들에게 웨살리{vesālī, 바이샬리} 주변에 흩어져 안거를 보내도록 하셨다.


안거 중에 세존{bhagavant, 존귀한 분}께서는 심한 중병에 걸려 죽음에 이를 정도의 극심한 고통을 겪으셨다.


그러나 세존{bhagavant, 존귀한 분}께서는 마음챙김{sati, 념}과 알아차림{sampajañña, 정지}으로 괴로움을 견뎌내셨다.


그리고 ‘내가 시봉자들에게 알리지 않고 비구-상가{bhikkhu saṅgha, 수행승 공동체}에 작별을 고하지 않은 채 완전한 열반에 드는 것은 옳지 않다. 정진의 힘으로 이 병을 억누르고 생명-형성력{jīvitasaṅkhāra, 수명 연장 의지}을 유지하여 머물러야겠다’고 생각하셨다.


세존의 병은 가라앉았다.


병이 낫자 세존께서는 밖으로 나와 그늘 아래 자리에 앉으셨다.


아난다{ānanda, 아난}가 다가와 감격하며 말했다.


세존{bhagavant, 존귀한 분}이시여, 세존께서 회복되신 것은 참으로 다행입니다.


세존께서 편찮으실 때 제 몸은 마비된 듯했고 사방이 어두웠으며 가르침도 떠오르지 않았습니다.


하지만 세존께서 비구-상가{bhikkhu saṅgha, 수행승 공동체}에 대한 당부 없이 완전한 열반에 들지 않으실 것이라는 믿음으로 위안을 삼았습니다.


아난다{ānanda, 아난}여, 비구-상가{bhikkhu saṅgha, 수행승 공동체}가 나에게 무엇을 더 바라는가?


나는 안팎의 차별 없이 법{dhamma, 가르침}을 설했다. 여래{tathāgata, 진리에 이른 분}에게는 제자들에게 숨겨두는 스승의 비밀스런 주먹{ācariyamuṭṭhi, 사권}이란 없다.


만일 ‘내가 비구-상가{bhikkhu saṅgha, 수행승 공동체}를 이끌겠다’거나 ‘상가는 내게 의지한다’고 생각하는 자가 있다면 그가 상가에 대해 유훈을 남길 것이다.


그러나 여래{tathāgata, 진리에 이른 분}는 그런 생각을 하지 않는다.


아난다{ānanda, 아난}여, 나는 이제 늙고 지쳤으며 나이가 여든이 되었다.


낡은 수레가 가죽 끈에 묶여 겨우 굴러가듯, 여래{tathāgata, 진리에 이른 분}의 몸도 가죽 끈에 묶여 겨우 유지되는 것과 같다.


오직 모든 표상에 마음을 두지 않고 느낌을 소멸하여 표상-없는-마음의-삼매{animitta cetosamādhi, 무상심정}에 들 때에만 여래의 몸은 편안해진다.


그러므로 아난다{ānanda, 아난}여, 너희는 자신을 섬으로 삼고 자신을 귀의처로 삼으며 다른 것을 귀의처로 삼지 말라.


법{dhamma, 가르침}을 섬으로 삼고 법{dhamma, 가르침}을 귀의처로 삼으며 다른 것을 귀의처로 삼지 말라{attadīpā viharatha attasaraṇā anaññasaraṇā, dhammadīpā dhammasaraṇā anaññasaraṇā, 자등명 자귀의 법등명 법귀의}.


어떻게 머무는 것이 자신을 섬으로 삼고 법{dhamma, 가르침}을 섬으로 삼아 머무는 것인가?


몸에서 몸을 관찰하며 머물고, 세상에 대한 탐욕과 불만을 제거하며, 열성적으로, 알아차림{sampajañña, 정지}과 마음챙김{sati, 념}을 갖추어 닦는 것이다.


느낌에서 … 마음에서 … 법에서 법을 관찰하며 머무는 것이다.


지금이든 내가 떠난 후이든, 이와 같이 실천하며 배우고자 하는 비구{bhikkhu, 수행승}들은 가장 으뜸가는 경지에 도달할 것이다.


어느 날 아침 세존{bhagavant, 존귀한 분}께서는 웨살리{vesālī, 바이샬리}에서 탁발을 마치신 뒤 아난다{ānanda, 아난}에게 짜빨라-사당{cāpāla cetiya, 차파라탑}으로 낮 동안의 정진을 위해 가자고 하셨다.


짜빨라-사당{cāpāla cetiya, 차파라탑}에 앉으신 세존{bhagavant, 존귀한 분}께서 말씀하셨다.


아난다{ānanda, 아난}여, 웨살리{vesālī, 바이샬리}는 아름답구나. 우데나 사당, 고따마까 사당, 삿탐바까 사당, 바후뿟따까 사당, 사란다다 사당, 짜빨라 사당도 아름답구나.


누구든지 네-가지-성취-수단{cattāro iddhipāda, 사여의족}을 닦고 익혀 수레로 삼고 기초로 삼아 확립하고 굳건히 다진 자는 원한다면 한 겁{kappa, 겁} 동안 머물거나 겁의 남은 기간 동안 머물 수 있다.


여래{tathāgata, 진리에 이른 분}는 네-가지-성취-수단{cattāro iddhipāda, 사여의족}을 닦고 익혔으니 원한다면 한 겁 동안 머물 수 있다.


그러나 아난다{ānanda, 아난}는 마라{māra, 악마}에 홀려 세존의 분명한 암시를 깨닫지 못하고 세존께 겁 동안 머물러 달라고 청하지 못했다.


세존께서 세 번을 거듭 말씀하셨으나 아난다{ānanda, 아난}는 청하지 않았다.


세존{bhagavant, 존귀한 분}께서는 아난다{ānanda, 아난}를 물러가게 하셨고, 아난다{ānanda, 아난}는 근처 나무 아래로 가 앉았다.


아난다{ānanda, 아난}가 떠나자 사악한 마라{māra, 악마}가 세존{bhagavant, 존귀한 분}께 다가와 말했다.


세존{bhagavant, 존귀한 분}이시여, 이제 완전한 열반에 드시옵소서!


예전에 세존께서는 ‘비구, 비구니, 남자 신도, 여자 신도 제자들이 유능하고 잘 훈련되며 가르침을 수호하고 펼칠 수 있을 때까지, 그리고 이 청정한 삶이 널리 번창하여 신들과 인간에게 온전히 드러날 때까지 열반에 들지 않겠다’고 하셨습니다.


이제 그것이 다 이루어졌으니 완전한 열반에 드시옵소서!


세존{bhagavant, 존귀한 분}께서는 말씀하셨다.


사악한 자여, 안심하여라. 여래{tathāgata, 진리에 이른 분}의 완전한 열반은 머지않았다.


지금부터 석 달 뒤에 여래{tathāgata, 진리에 이른 분}는 완전한 열반에 들 것이다.


세존{bhagavant, 존귀한 분}께서는 짜빨라-사당{cāpāla cetiya, 차파라탑}에서 마음챙김{sati, 념}과 알아차림{sampajañña, 정지}으로 수명-형성력{āyusaṅkhāra, 수명의 동력}을 내려놓으셨다.


그 순간 대지가 크게 진동하고 하늘에서 번개가 쳤다.


세존{bhagavant, 존귀한 분}께서는 감흥어{udāna, 우다나}를 읊으셨다.


성자는 비교할 수 없는 것과 생의 형성을 저울질하여


수명-형성력{āyusaṅkhāra, 수명의 동력}을 내려놓았네.


내면으로 기쁘고 평온하여


갑옷을 부수듯 존재의 형성을 깨뜨려 버렸네.


아난다{ānanda, 아난} 존자{āyasmant, 덕 높은 이}는 대지진에 놀라 세존{bhagavant, 존귀한 분}께 지진이 일어나는 까닭을 여쭈었다.


세존{bhagavant, 존귀한 분}께서는 지진이 일어나는 여덟-가지-원인{aṭṭha bhūmicālahetu, 팔대진인}을 설하셨다.


바람이 물을 흔들고 물이 땅을 흔들 때,


신통력을 지닌 수행자나 위력 있는 신{deva, 천신}이 땅을 흔들 때,


보살{bodhisatta, 깨달음을 구하는 존재}이 도솔천{tusita, 만족천}에서 어머니 태중에 들 때,


보살{bodhisatta, 깨달음을 구하는 존재}이 어머니 태에서 태어날 때,


여래{tathāgata, 진리에 이른 분}가 위없는 바른 깨달음을 이룰 때,


여래{tathāgata, 진리에 이른 분}가 진리의 바퀴를 굴릴 때,


여래{tathāgata, 진리에 이른 분}가 수명-형성력{āyusaṅkhāra, 수명의 동력}을 내려놓을 때,


여래{tathāgata, 진리에 이른 분}가 번뇌의 찌꺼기 없는 열반계{anupādisesa nibbānadhātu, 무여열반계}에 들 때 대지가 크게 진동한다고 밝히셨다.


이어 세존께서는 귀족, 바라문, 재가신자, 사문, 사대천왕천, 삼십삼천, 마라, 범천{brahmā, 청정한 신}의 여덟-가지-모임{aṭṭha parisā, 팔부중}에 대해 설하셨다.


또한 여덟-가지-지배의-영역{aṭṭha abhibhāyatana, 팔승처}과


여덟-가지-해탈{aṭṭha vimokkha, 팔해탈}에 대해 설하셨다.


그리고 세존{bhagavant, 존귀한 분}께서는 아난다{ānanda, 아난}에게 방금 짜빨라-사당{cāpāla cetiya, 차파라탑}에서 마라{māra, 악마}의 요청을 받고 석 달 후에 열반에 들기로 결정했음을 알리셨다.


아난다{ānanda, 아난}는 비로소 세존께 겁 동안 머물러 주실 것을 세 번 간청했다.


그러나 세존{bhagavant, 존귀한 분}께서는 거절하셨다.


그만하여라, 아난다{ānanda, 아난}여. 지금은 여래에게 간청할 때가 아니다.


내가 여러 차례 네-가지-성취-수단{cattāro iddhipāda, 사여의족}을 닦은 자는 겁 동안 머물 수 있다고 암시했으나 너는 마라에 홀려 청하지 않았다.


만일 네가 그때 청했더라면 여래는 두 번 거절하고 세 번째에는 수락했을 것이다.


그러므로 이것은 온전히 너의 허물이요 잘못이다.


내가 이미 모든 사랑스럽고 마음에 드는 것들과 헤어지고 이별해야 한다고 말하지 않았더냐?


태어났고 형성되었으며 부서지기 마련인 것이 어찌 부서지지 않겠는가.


여래는 이미 수명-형성력{āyusaṅkhāra, 수명의 동력}을 버렸으니 이를 다시 주워 담을 수는 없다.


세존{bhagavant, 존귀한 분}께서는 대림원{mahāvana, 큰 숲} 중각강당{kūṭāgārasālā, 뾰족지붕 강당}으로 가셔서 비구들을 모으게 하셨다.


그리고 직접 증득하여 설하신 서른일곱-가지-깨달음의-법{sattatiṁsa bodhipakkhiyā dhammā, 삼십칠도품}, 곧 네-가지-마음챙김의-확립{cattāro satipaṭṭhāna, 사념처}, 네-가지-바른-노력{cattāro sammappadhāna, 사정근}, 네-가지-성취-수단{cattāro iddhipāda, 사여의족}, 다섯-가지-기능{pañcindriya, 오근}, 다섯-가지-힘{pañca bala, 오력}, 일곱-가지-깨달음의-요소{satta bojjhaṅga, 칠각지}, 성스러운-여덟-가지-길{ariya aṭṭhaṅgika magga, 팔정도}을 잘 배우고 실천하라고 당부하셨다.


그리고 말씀하셨다.


비구{bhikkhu, 수행승}들이여, 모든 형성된 것들은 부서지기 마련이다. 방일하지 말고 정진하라{vayadhammā saṅkhārā appamādena sampādetha}.


석 달 뒤에 여래{tathāgata, 진리에 이른 분}는 완전한 열반에 들 것이다.


세존{bhagavant, 존귀한 분}께서는 이 게송{gāthā, 시구}을 읊으셨다.


내 나이 이제 무르익어


남은 목숨 얼마 남지 않았구나.


너희를 남겨두고 나는 떠나리니


스스로 자신의 귀의처를 삼았노라.


비구들이여, 방일하지 말고 마음챙기며


계율을 굳게 지키라.


마음의 생각을 바르게 정돈하여


스스로의 마음을 잘 지켜라.


이 법과 율{dhamma vinaya, 가르침과 계율} 안에서 방일하지 않고 정진하는 자는


윤회의 바다를 건너


괴로움의 끝에 도달하리라.


다음 날 아침 세존{bhagavant, 존귀한 분}께서는 웨살리{vesālī, 바이샬리}에서 마지막 탁발을 마치신 뒤 코끼리가 돌아보듯 온몸을 돌려 웨살리{vesālī, 바이샬리}를 바라보셨다.


아난다{ānanda, 아난}여, 여래가 웨살리를 보는 것은 이것이 마지막이다. 반다-마을{bhaṇḍagāma, 포촌}로 가자.


반다-마을{bhaṇḍagāma, 포촌}에서 세존께서는 성스러운 계{sīla, 계행}, 삼매{samādhi, 정}, 통찰지{paññā, 혜}, 해탈{vimutti, 벗어남}을 통찰하지 못해 오랜 세월 윤회했음을 설하셨다.


이어 핫티-마을, 암바-마을, 잠부-마을을 거쳐 보가나가라{bhoganagara, 복성}의 아난다-사당{ānanda cetiya, 아난탑}에 머무셨다.


그곳에서 네-가지-위대한-지침{cattāro mahāpadesa, 사대교법}을 설하셨다.


어떤 비구가 부처님께 직접 들었다거나, 상가에서 들었다거나, 여러 장로들에게 들었다거나, 한 장로에게 들었다고 주장하더라도 곧바로 찬탄하거나 비방하지 말고,


그 구절들을 경{sutta, 설법}에 맞추어보고 율{vinaya, 계율}에 비추어보아야 한다.


경과 율에 들어맞지 않으면 부처님의 말씀이 아니므로 버려야 하고,


경과 율에 들어맞으면 부처님의 말씀으로 받아들여 기억해야 한다는 지침이었다.


세존{bhagavant, 존귀한 분}께서는 빠와{pāvā, 파파}로 가셔서 대장장이 쭌다{cunda, 순타}의 망고나무 숲에 머무셨다.


쭌다{cunda, 순타}는 다음 날 공양으로 부드러운 돼지고기 요리{sūkaramaddava, 버섯 요리 또는 어린 돼지고기}를 준비하여 올렸다.


세존께서는 그 요리는 자신에게만 올리고 다른 음식은 비구들에게 주라고 하셨다.


그리고 남은 요리는 땅에 묻으라고 하셨으니, 신과 인간 가운데 여래를 제외하고는 이를 소화할 수 있는 자가 없기 때문이었다.


쭌다{cunda, 순타}의 공양을 드신 후 세존{bhagavant, 존귀한 분}께서는 심한 이질에 걸려 붉은 피를 쏟으시며 참혹한 고통을 겪으셨으나 마음챙김{sati, 념}과 알아차림{sampajañña, 정지}으로 견디셨다.


세존께서는 쿠시나라{kusinārā, 구시나가라}로 향하셨다.


길을 가시던 중 세존{bhagavant, 존귀한 분}께서는 몹시 피로하여 가사를 네 겹으로 접어 깔게 하시고 앉으셨다.


그리고 아난다{ānanda, 아난}에게 물을 떠 오라고 하셨다.


아난다{ānanda, 아난}는 오백 대의 수레가 지나가 물이 흐리고 흙탕물이 되었다고 아뢰었으나, 세존의 거듭된 청에 개울로 가보니 물이 맑고 깨끗하게 흘렀다.


세존께서는 그 맑은 물을 드셨다.


그때 알라라 깔라마{āḷāra kālāma, 아라라 가람}의 제자인 말라{malla, 말라}족 뿌꿋사{pukkusa, 복고사}가 지나가다 세존을 뵙고 깊은 삼매에 대해 찬탄했다.


세존께서는 아뚜마{ātumā, 아두마}에서 벼락이 치고 큰 비가 내려 농부 두 사람과 황소 네 마리가 번개에 맞아 죽었을 때도 자신이 깊은 고요 속에 머물러 아무것도 보고 듣지 못했던 일화를 들려주셨다.


뿌꿋사{pukkusa, 복고사}는 크게 감복하여 귀의하고 금빛 비단 옷 두 벌을 공양 올렸다.


세존께서는 한 벌은 세존께, 한 벌은 아난다{ānanda, 아난}에게 입히게 하셨다.


아난다{ānanda, 아난}가 그 옷을 세존의 몸에 걸쳐드렸을 때 세존의 피부 광채로 인해 옷의 빛이 바랜 듯 보였다.


세존{bhagavant, 존귀한 분}께서는 여래의 피부가 유난히 맑고 빛나는 때는 무상정등각{anuttara sammāsambodhi, 아뇩다라삼먁삼보리}을 얻은 밤과 무여열반계{anupādisesa nibbānadhātu, 무여열반계}에 드는 밤이라고 말씀하셨다.


그리고 오늘 밤 쿠시나라{kusinārā, 구시나가라}의 살라나무 숲에서 완전한 열반에 들 것이라고 선언하셨다.


세존께서는 까꿋타-강{kakudhā nadī, 각구타하}에서 목욕하고 물을 드신 뒤 망고나무 숲에서 사자처럼 오른쪽 옆구리로 누워 휴식을 취하셨다.


세존께서는 아난다{ānanda, 아난}에게 대장장이 쭌다{cunda, 순타}가 마지막 공양을 올린 일로 후회하거나 비난받지 않도록 위로하라고 당부하셨다.


여래가 공양을 받고 깨달음을 얻었을 때의 공양과, 완전한 열반에 들 때의 공양은 동등한 결실과 과보를 지닌 최상의 공양이라고 밝히셨다.


세존{bhagavant, 존귀한 분}께서는 쿠시나라{kusinārā, 구시나가라}의 우빳왓타나{upavattana, 사라원}에 있는 말라{malla, 말라}족의 살라나무 숲으로 가셨다.


그리고 두 그루 살라나무 사이에 북쪽으로 머리를 두고 누우셨다.


때마침 계절이 아닌데도 살라나무 꽃이 만발하여 세존의 몸 위로 흩날렸고, 천상의 꽃과 향가루가 내렸으며 천상의 음악이 울려 퍼졌다.


세존{bhagavant, 존귀한 분}께서는 아난다{ānanda, 아난}에게 말씀하셨다.


아난다{ānanda, 아난}여, 이것만으로 여래를 공경하고 공양하는 것이 아니다.


비구, 비구니, 남자 신도, 여자 신도가 법에 맞추어 도를 닦고 법답게 실천하는 것{dhammānudhammappaṭipanna, 여법수행}이야말로 여래를 최상으로 공경하고 예배하는 것이다.


그때 우빠와나{upavāṇa, 우파바나} 존자{āyasmant, 덕 높은 이}가 세존 앞에서 부채질을 하고 있었는데, 세존께서 비키라고 하셨다.


그 까닭을 묻는 아난다{ānanda, 아난}에게 세존께서는 시방세계의 신{deva, 천신}들이 여래의 마지막 모습을 뵙고자 모여들었는데 그가 가리고 있어 신들이 탄식하고 있기 때문이라고 설명하셨다.


욕망을 여의지 못한 신들은 비통해하고, 욕망을 여읜 신들은 ‘형성된 것들은 무상하다’고 알아차리며 인내하고 있다고 하셨다.


이어 세존께서는 신심 있는 이들이 참배해야 할 네-가지-성스러운-장소{cattāri saṁvejanīyāni ṭhānāni, 사대성지}를 설하셨다.


여래가 태어난 곳,


여래가 바른 깨달음을 이룬 곳,


여래가 진리의 바퀴를 굴린 곳,


여래가 무여열반에 든 곳이다.


아난다{ānanda, 아난}가 여인들을 어떻게 대해야 하는지 묻자, 세존께서는 보지 말아야 하고, 보게 되면 말을 섞지 말아야 하며, 말을 하게 되면 마음챙김{sati, 념}을 확립해야 한다고 답하셨다.


여래의 유해를 어떻게 처리해야 하는지 묻자, 출가자는 유해 공양에 마음 쓰지 말고 자신의 궁극적 이상을 위해 정진해야 하며, 믿음 있는 재가신자들이 전륜성왕{cakkavatti rājā, 전륜왕}의 장례처럼 처리할 것이라고 하셨다.


새 천과 솜으로 오백 겹을 싸서 기름 채운 쇠관에 넣고 화장한 뒤 사거리에 탑{thūpa, 탑}을 세울 것이라 하셨다.


탑을 세워 공양받을 만한 네 부류의 사람으로 정등각자{sammāsambuddha, 완전한 깨달음을 이룬 부처}, 벽지불{paccekabuddha, 독각}, 아라한{arahant, 공양받아 마땅한 완성자} 제자, 전륜성왕{cakkavatti rājā, 전륜왕}을 드셨다.


아난다{ānanda, 아난}는 아직 배울 것이 남은 유학{sekha, 배움이 남은 자}인데 스승께서 떠나시려 하자 문기둥에 기대어 눈물을 흘렸다.


세존{bhagavant, 존귀한 분}께서는 아난다{ānanda, 아난}를 불러 위로하셨다.


그만하여라, 아난다{ānanda, 아난}여. 슬퍼하지 말라.


사랑하는 모든 것과 헤어져야 한다는 가르침을 잊었는가?


너는 오랜 세월 자애로운 몸과 말과 마음으로 훌륭하게 여래를 시봉했다.


열심히 정진하라, 머지않아 너도 번뇌를 여의고 아라한{arahant, 공양받아 마땅한 완성자}이 될 것이다.


그리고 비구들에게 아난다{ānanda, 아난}의 지혜와 훌륭한 네 가지 덕성을 칭찬하셨다.


아난다{ānanda, 아난}가 외딴 변방 마을인 쿠시나라{kusinārā, 구시나가라} 대신 큰 도시에서 열반에 드시기를 청하자, 세존께서는 과거 마하수닷사나-전륜성왕{mahāsudassana cakkavatti, 대견선왕}의 화려했던 수도 쿠사와띠{kusāvatī, 구사바제}의 영광을 들려주시며 거절하셨다.


세존께서는 아난다{ānanda, 아난}에게 쿠시나라{kusinārā, 구시나가라}의 말라{malla, 말라}족들에게 오늘 밤 마지막 열반 소식을 알리라고 하셨다.


말라{malla, 말라}족들은 통곡하며 살라나무 숲으로 와서 가족별로 세존께 마지막 참배를 올렸다.


그 무렵 수밧다{subhadda, 수발타}라는 유행승{paribbājaka, 편력 수행자}이 의문을 풀기 위해 찾아왔다.


아난다{ānanda, 아난}가 세존을 번거롭게 하지 말라며 막았으나, 세존께서는 그를 들어오게 하셨다.


수밧다{subhadda, 수발타}가 당시 여섯 명의 유명한 스승들이 깨달음을 얻었는지 물었다.


세존{bhagavant, 존귀한 분}께서는 말씀하셨다.


수밧다{subhadda, 수발타}여, 그 질문은 멈추어라. 내가 법{dhamma, 가르침}을 설하겠다.


어떤 가르침과 계율에서든 성스러운-여덟-가지-길{ariya aṭṭhaṅgika magga, 팔정도}이 없으면 첫 번째 사문 예류자{sotāpanna, 수다원}도 없고, 두 번째 사문 일래자{sakadāgāmin, 사다함}도 없으며, 세 번째 사문 불환자{anāgāmin, 아나함}도 없고, 네 번째 사문 아라한{arahant, 공양받아 마땅한 완성자}도 없다.


성스러운-여덟-가지-길{ariya aṭṭhaṅgika magga, 팔정도}이 있는 곳에만 진정한 사문이 존재한다.


이 가르침 안에 팔정도{aṭṭhaṅgika magga, 여덟 가지 바른 길}가 있으니 다른 종파들은 텅 비어 있다.


비구들이 바르게 수행한다면 세상에 아라한{arahant, 공양받아 마땅한 완성자}이 끊이지 않을 것이다.


수밧다{subhadda, 수발타}는 감복하여 출가를 청했고, 세존의 허락으로 출가하여 정진한 끝에 현세에서 아라한{arahant, 공양받아 마땅한 완성자}이 되었다.


그는 세존의 마지막 직제자였다.


세존{bhagavant, 존귀한 분}께서는 아난다{ānanda, 아난}에게 유훈을 남기셨다.


아난다{ānanda, 아난}여, ‘스승의 말씀은 끝났고 이제 스승은 없다’고 생각하지 말라.


내가 너희에게 설한 법과 율{dhamma vinaya, 가르침과 계율}이 내가 떠난 후 너희의 스승이 될 것이다.


내가 떠난 후 비구들은 지금처럼 서로를 ‘도반’이라고 부르지 말고, 선배는 후배의 이름이나 가문을 부르고 후배는 선배에게 ‘존자’나 ‘대덕’이라 불러라.


상가가 원한다면 사소한 작은 계율들은 폐지해도 좋다.


찬나 비구에게는 범단{brahmadaṇḍa, 묵빈대처}의 벌을 내려 아무도 그와 대화하거나 훈계하지 말라.


세존께서는 비구들에게 가르침에 대한 의심이나 의문이 있다면 질문하라고 세 번을 거듭 물으셨으나 모두 침묵했다.


아난다{ānanda, 아난}가 모인 비구들 가운데 단 한 명도 의심이 없음을 찬탄하자, 세존께서는 이 오백 명의 비구들 중 가장 낮은 자도 예류자{sotāpanna, 수다원}에 도달했다고 확인하셨다.


그리고 세존{bhagavant, 존귀한 분}께서는 마지막 유훈을 남기셨다.


비구{bhikkhu, 수행승}들이여, 참으로 이제 그대들에게 말하노니, 모든 형성된 것들은 부서지기 마련이다. 방일하지 말고 정진하라{handadāni bhikkhave āmantayāmi vo, vayadhammā saṅkhārā appamādena sampādetha}.


이것이 여래{tathāgata, 진리에 이른 분}의 마지막 말씀이었다.


세존께서는 초선{paṭhama jhāna, 제1선정}에 드셨고 차례로 제이선, 제삼선, 제사선, 공무변처{ākāsānañcāyatana, 무한공간 삼매}, 식무변처{viññāṇañcāyatana, 무한의식 삼매}, 무소유처{ākiñcaññāyatana, 아무것도 없음의 삼매}, 비상비비상처{nevasaññānāsaññāyatana, 인식도 비인식도 아닌 삼매}를 거쳐 상수멸{saññāvedayitanirodha, 인식과 느낌의 소멸 삼매}에 드셨다.


아난다{ānanda, 아난}가 아누룻다{anuruddha, 아나율} 존자에게 세존께서 열반에 드셨는지 묻자, 아누룻다는 상수멸에 드신 것이라 답했다.


세존께서는 상수멸에서 나와 역순으로 초선까지 내려가셨다가 다시 초선, 제이선, 제삼선을 거쳐 제사선{catuttha jhāna, 제4선정}에 드셨고,


제사선에서 나오시며 곧바로 완전한 열반에 드셨다.


세존께서 반열반{parinibbāna, 완전한 열반}에 드시자 대지가 진동하고 천둥번개가 쳤다.


사함빠띠-범천{sahampati brahmā, 사함파티 대범천}이 무상의 게송{gāthā, 시구}을 읊었다.


세상의 모든 중생들은


몸뚱이를 버리고 떠나가야 하네.


세상에 견줄 자 없는 스승이시자


힘을 갖추신 여래, 부처님께서도 완전한 열반에 드셨네.


삭까-천신들의-왕{sakka devānaminda, 제석천왕}이 게송{gāthā, 시구}을 읊었다.


참으로 형성된 것들은 무상하여


일어났다 사라지는 것이 그 본성이네.


일어났다가 소멸하나니


그들의 가라앉음이 참된 행복이네.


아누룻다{anuruddha, 아나율} 존자{āyasmant, 덕 높은 이}가 게송{gāthā, 시구}을 읊었다.


흔들림 없는 마음에 머무신 분께는


더 이상의 들숨과 날숨이 없네.


동요 없이 평화에 머무시며


성자께서는 수명을 다하셨네.


고통스러운 느낌에도 흔들림 없이


등불이 꺼지듯 마음의 해탈을 이루셨네.


아난다{ānanda, 아난} 존자{āyasmant, 덕 높은 이}가 게송{gāthā, 시구}을 읊었다.


모든 훌륭한 덕상을 갖추신


부처님께서 완전한 열반에 드셨을 때


참으로 두려움이 일어났고


참으로 소름이 돋았도다.


욕망을 여의지 못한 비구들은 비통하게 통곡했으나, 욕망을 여읜 비구들은 ‘모든 형성된 것들은 무상하다’고 알아차리며 의연히 견뎌냈다.


아누룻다{anuruddha, 아나율}와 아난다{ānanda, 아난}는 밤새 법담을 나누었다.


다음 날 아침 아난다{ānanda, 아난}는 쿠시나라{kusinārā, 구시나가라}의 말라{malla, 말라}족들에게 열반 소식을 전했다.


말라{malla, 말라}족들은 엿새 동안 춤과 노래, 음악, 꽃과 향으로 세존의 유해를 공양했다.


이레째 되는 날 유해를 성 남쪽으로 운구하여 화장하려 했으나 여덟 명의 장사가 유해를 들어 올릴 수 없었다.


아누룻다{anuruddha, 아나율} 존자는 신{deva, 천신}들의 뜻은 성 북쪽으로 모셔 성 안을 지나 동쪽 문 밖 마꾸따반다나-사당{makuṭabandhana cetiya, 관탑}에서 화장하는 것이라고 일러주었다.


신들의 뜻대로 유해는 마꾸따반다나-사당{makuṭabandhana cetiya, 관탑}으로 모셔졌고 전륜성왕의 예법에 따라 관에 모셔 장작더미 위에 올려졌다.


네 명의 말라{malla, 말라}족 족장들이 불을 붙이려 했으나 불이 붙지 않았다.


아누룻다{anuruddha, 아나율} 존자는 오백 비구와 함께 오고 있는 마하깟사빠{mahākassapa, 마하가섭} 존자가 도착하여 참배할 때까지 불이 붙지 않을 것이라고 말했다.


마하깟사빠{mahākassapa, 마하가섭} 존자가 도착하여 유해를 세 번 돌고 머리를 세존의 발에 대어 절을 올리자, 장작더미에서 저절로 불길이 치솟았다.


화장할 때 살과 피, 근육과 뼈마디의 진액은 재나 그을음조차 남기지 않고 다 탔으며 오직 사리{sarīra, 유골}만이 남았다.


오백 겹의 천 가운데 가장 안쪽과 바깥쪽 두 겹만이 타지 않았다.


화장이 끝나자 하늘에서 비가 내리고 살라나무에서 물이 흘러내려 불을 껐다.


말라{malla, 말라}족은 사리를 모아 칠 일 동안 공양했다.


마가다의 아자따삿투-왕{ajātasattu rājā, 아사세왕}, 웨살리의 릿차위{licchavi, 립차}족, 까삘라왓투의 사까{sakka, 석가}족, 알라깝빠의 불리족, 라마가마의 꼴리야족, 웨타디빠의 바라문, 빠와의 말라{malla, 말라}족이 사리를 나누어 달라고 사신을 보냈다.


쿠시나라{kusinārā, 구시나가라}의 말라{malla, 말라}족이 거절하자 분쟁이 일어날 뻔했으나, 도나{doṇa, 향성} 바라문{brāhmaṇa, 사제}이 중재에 나섰다.


부처님의 가르침은 인욕이니 사리를 공평하게 여덟 몫으로 나누자고 제안했다.


사리는 여덟 나라에 공평하게 분배되었고, 도나{doṇa, 향성} 바라문은 사리를 담았던 병을 받아 탑을 세웠으며, 뒤늦게 온 삑팔리와나의 모리야족은 숯을 가져가 탑을 세웠다.


이리하여 여덟 개의 사리탑과 병탑, 숯탑까지 총 열 개의 탑{thūpa, 탑}이 건립되어 널리 공양되었다."
"대열반경","[[ DN 16 ]]

[[ 완전한-열반에-대한-큰-경{mahāparinibbānasutta, 대반열반경} ]]

비구{bhikkhu, 수행승}들이여


참으로 이제 그대들에게 말하노니


모든 형성된-것들{saṅkhāra, 조건 지어진 현상}은 부서지기-마련인-법{vayadhamma, 소멸하는 본질}이다.


방일하지-않음{appamāda, 부지런한 노력}으로 완수하라{sampādetha, 성취하라}."
"대열반경","[[ DN 16 ]]

[[ 완전한-열반에-대한-큰-경{mahāparinibbānasutta, 대반열반경} ]]

세존{bhagavant, 존귀한 분}께서는 큰 비구-상가{bhikkhu saṅgha, 수행승 공동체}와 함께 꼬띠-마을{koṭigāma, 구제촌}에 도착하여 머무셨다.


그곳에서 세존{bhagavant, 존귀한 분}께서는 비구{bhikkhu, 수행승}들에게 말씀하셨다.


비구{bhikkhu, 수행승}들이여


네-가지-성스러운-진리{cattāri ariyasaccāni, 사성제}를 깨닫지 못하고 꿰뚫지 못했기 때문에 그대들과 나는 이처럼 오랜 세월 윤회{saṁsāra, 생사유전}하며 떠돌았다.


무엇이 네 가지인가?


괴로움의-성스러운-진리{dukkha ariyasacca, 고성제}


괴로움의-일어남의-성스러운-진리{dukkhasamudaya ariyasacca, 집성제}


괴로움의-소멸의-성스러운-진리{dukkhanirodha ariyasacca, 멸성제}


괴로움의-소멸로-인도하는-길의-성스러운-진리{dukkhanirodhagāminī paṭipadā ariyasacca, 도성제}이다.


비구{bhikkhu, 수행승}들이여


괴로움의-성스러운-진리{dukkha ariyasacca, 고성제}가 깨달아졌고 꿰뚫어졌다.


괴로움의-일어남의-성스러운-진리{dukkhasamudaya ariyasacca, 집성제}가 깨달아졌고 꿰뚫어졌다.


괴로움의-소멸의-성스러운-진리{dukkhanirodha ariyasacca, 멸성제}가 깨달아졌고 꿰뚫어졌다.


괴로움의-소멸로-인도하는-길의-성스러운-진리{dukkhanirodhagāminī paṭipadā ariyasacca, 도성제}가 깨달아졌고 꿰뚫어졌다.


존재에-대한-갈애{bhavataṇhā, 유애}는 끊어졌고


존재의-밧줄{bhavanetti, 재생으로 인도하는 끈}은 부서졌으니


이제 다시-태어남{punabbhava, 재생}은 없다.


세존{bhagavant, 존귀한 분}께서는 이 게송{gāthā, 시구}을 읊으셨다.


네-가지-성스러운-진리{cattāri ariyasaccāni, 사성제}를


있는 그대로 보지 못했기에


우리는 오랜 세월


이 생에서 저 생으로 윤회{saṁsāra, 생사유전}하였네.


이제 이 진리들을 보았으니


존재의-밧줄{bhavanetti, 재생으로 인도하는 끈}은 끊어졌고


괴로움{dukkha, 고통}의 뿌리는 잘려 나갔으니


더 이상 다시-태어남{punabbhava, 재생}은 없으리라."
"로히땃사경","[[ SN 2.26 ]]

[[ 로히땃사-경{rohitassasutta, 적마경} ]]

사와티{sāvatthī, 사위성}에서


한 곁에 선 천자{devaputta, 젊은 신} 로히땃사{rohitassa, 적마}는 세존{bhagavant, 존귀한 분}께 이렇게 여쭈었다.


세존{bhagavant, 존귀한 분}이시여


태어나지도 않고, 늙지도 않으며, 죽지도 않고, 사라지지도 않으며, 다시 태어나지도 않는 그런 세상의-끝{lokanta, 세계의 종점}을 공간적으로 걸어서 알고 보거나 도달하는 것이 가능합니까?


벗이여


태어나지도 않고, 늙지도 않으며, 죽지도 않고, 사라지지도 않으며, 다시 태어나지도 않는 그런 세상의-끝{lokanta, 세계의 종점}을 공간적으로 걸어서 알고 보거나 도달하는 것은 불가능하다고 나는 말한다.


세존{bhagavant, 존귀한 분}이시여, 참으로 놀랍고 신기합니다.


세존{bhagavant, 존귀한 분}께서는 실로 훌륭하게 말씀하셨습니다.


예전에 저는 신통력{iddhi, 초자연적 힘}을 지니고 허공을 날아다니던 후원자의 아들 로히땃사{rohitassa, 적마}라는 선인{isi, 수행자}이었습니다.


저는 훈련을 잘 받은 노련한 궁사가 가벼운 화살을 쏘아 야자나무 그늘을 가로지르는 것처럼 빨랐습니다.


저의 한 걸음은 동쪽 바다에서 서쪽 바다에 이를 정도였습니다.


그때 저에게 이러한 소원이 생겼습니다.


‘나는 공간적으로 걸어서 세상의-끝{lokanta, 세계의 종점}에 도달하리라.’


그런 속도와 걸음걸이를 지닌 채, 먹고 마시고 대소변을 보고 피로를 풀기 위해 잠자는 시간을 제외하고 백 년의 수명을 다하도록 걸어갔지만, 세상의-끝{lokanta, 세계의 종점}에 도달하지 못한 채 도중에 죽음을 맞이했습니다.


세존{bhagavant, 존귀한 분}이시여, 참으로 놀랍고 신기합니다.


세존{bhagavant, 존귀한 분}께서는 ‘벗이여, 태어나지도 않고, 늙지도 않으며, 죽지도 않고, 사라지지도 않으며, 다시 태어나지도 않는 그런 세상의-끝{lokanta, 세계의 종점}을 공간적으로 걸어서 알고 보거나 도달하는 것은 불가능하다’라고 참으로 훌륭하게 말씀하셨습니다.


그러나 벗이여


세상의-끝{lokanta, 세계의 종점}에 도달하지 않고서는 괴로움{dukkha, 고통}을 끝낼 수 없다고 나는 또한 말한다.


지각{saññā, 산냐}과 마음{mano, 정신}을 지닌 이 한 길 남짓한 몸뚱이 안에서 세상{loka, 세계}과, 세상의-일어남{lokasamudaya, 세상의 근원}과, 세상의-소멸{lokanirodha, 세상의 사라짐}과, 세상의-소멸로-인도하는-길{lokanirodhagāminī paṭipadā, 소멸에 이르는 도닦음}을 나는 천명하기 때문이다.


세상의-끝{lokanta, 세계의 종점}에는


걸어서 결코 도달할 수 없네.


그러나 세상의-끝{lokanta, 세계의 종점}에 도달하지 않고서는


괴로움{dukkha, 고통}에서 벗어날 수 없네.


그러므로 지혜로운 자는 세상을 이해하여


청정범행{brahmacariya, 성스러운 삶}을 완성하고 세상의-끝{lokanta, 세계의 종점}에 도달했네.


세상의-끝{lokanta, 세계의 종점}을 알아 고요해진 이는


이 세상도 저 세상도 바라지 않네."
"AI","오온{pañcakkhandha, 다섯 무더기}를 이해하는 가장 쉬운 방법은 “하나의 것이 아니라 계속 쌓이고 흩어지는 현상들의 집합”으로 보는 것입니다.

형색의-쌓임{rūpakkhandha, 물질의 무더기}

우리는 흔히 “이것이 내 몸이다.“라고 생각합니다.

하지만 실제 몸은 하나의 고정된 물체가 아닙니다.

머리카락, 손톱, 피부, 뼈, 피, 장기, 세포가 끊임없이 생기고 죽습니다.

배가 고프면 위가 수축하고, 숨을 쉬면 가슴이 움직이며, 나이가 들면 피부가 변하고, 상처가 나면 새살이 돋습니다.

이 모든 물질적 변화의 집합을 형색의-쌓임{rūpakkhandha, 물질의 무더기}라고 합니다.

마치 숲을 하나의 대상으로 보지만 실제로는 수천 그루의 나무가 모여 숲을 이루는 것과 같습니다.

느낌의-쌓임{vedanākkhandha, 느낌의 무더기}

커피를 마시면 맛있다고 느낍니다.

조금 지나면 아무 느낌도 없습니다.

뜨거운 컵을 잡으면 뜨겁고,

겨울에는 춥고,

칭찬을 들으면 기분이 좋고,

욕을 들으면 마음이 아픕니다.

이 느낌들은 계속 바뀝니다.

즐거운 느낌이 오래 유지되지 않고,

괴로운 느낌도 영원하지 않으며,

아무 느낌도 없는 상태도 계속 변합니다.

이처럼 순간순간 일어나는 모든 느낌의 집합이 느낌의-쌓임{vedanākkhandha, 느낌의 무더기}입니다.

마치 바닷가에 밀려오는 파도처럼 하나의 파도가 아니라 끝없이 이어지는 수많은 파도의 흐름입니다.


지각의-쌓임{saññākkhandha, 지각의 무더기}

길을 걷다가 빨간 신호등을 보면 즉시 “멈춰야 한다.“고 알아봅니다.

친구 얼굴을 보면 이름이 떠오릅니다.

레몬을 보면 “신맛”을 떠올립니다.

글자를 보면 의미를 이해합니다.

구름을 보면 동물 모양처럼 인식하기도 합니다.

이러한 알아차림과 이름 붙이기, 기억과 인식은 계속 일어납니다.

같은 사람을 보고도 기분에 따라 다르게 느끼고,

멀리서는 낯선 사람으로 보였다가 가까이 가면 친구임을 알아보기도 합니다.

이처럼 끊임없이 대상을 구별하고 이름 붙이는 모든 작용의 집합이 지각의-쌓임{saññākkhandha, 지각의 무더기}입니다.

마치 도서관의 사서가 끝없이 책을 분류하고 이름표를 붙이는 것과 비슷합니다.



형성작용의-쌓임{saṅkhārakkhandha, 형성작용의 무더기}

아침에 알람이 울립니다.

“조금만 더 잘까?”

“일어나야 하나?”

“오늘 운동 갈까?”

“커피를 마실까?”

이처럼 의도하고, 계획하고, 선택하고, 결심하고, 습관대로 반응하는 모든 정신작용이 여기에 속합니다.

화를 참으려는 마음,

남을 돕고 싶은 마음,

거짓말하려는 생각,

공부를 하려는 의지,

명상을 계속하려는 결심,

모두 형성작용입니다.

이들은 한 번 생기고 끝나는 것이 아니라 끊임없이 생겨나고 사라집니다.

그래서 형성작용의-쌓임{saṅkhārakkhandha, 형성작용의 무더기}라고 부릅니다.

마치 프로그램이 입력을 받을 때마다 새로운 계산을 수행하는 컴퓨터처럼, 마음은 끊임없이 새로운 반응을 만들어 냅니다.



의식의-쌓임{viññāṇakkhandha, 의식의 무더기}

눈을 뜨면 색을 압니다.

귀로 소리를 압니다.

코로 냄새를 압니다.

혀로 맛을 압니다.

몸으로 촉감을 압니다.

마음으로 생각을 압니다.

이러한 ‘아는 작용’은 하나의 고정된 의식이 아니라, 대상이 바뀔 때마다 계속 새롭게 일어납니다.

종소리를 들을 때의 의식과,

꽃을 볼 때의 의식,

커피 향을 맡을 때의 의식,

생각을 떠올릴 때의 의식은 모두 다릅니다.

그래서 부처님은 하나의 영원한 의식이 있다고 하지 않고, 수없이 생겨났다 사라지는 의식의 흐름을 의식의-쌓임{viññāṇakkhandha, 의식의 무더기}라고 설명하셨습니다.

마치 영화가 연속으로 이어지는 것처럼 보이지만, 실제로는 수많은 정지 화면이 빠르게 바뀌는 것과 같습니다.



이 다섯 가지는 각각 독립적으로 존재하는 것이 아니라 서로 의존합니다. 

예를 들어 레몬을 보면 형색의-쌓임{rūpakkhandha, 물질의 무더기}인 눈과 레몬이 있고, 

의식의-쌓임{viññāṇakkhandha, 의식의 무더기}이 시각을 알아차리며, 

지각의-쌓임{saññākkhandha, 지각의 무더기}이 “레몬”이라고 인식하고, 

느낌의-쌓임{vedanākkhandha, 느낌의 무더기}이 좋거나 싫은 느낌을 일으키며, 

형성작용의-쌓임{saṅkhārakkhandha, 형성작용의 무더기}이 “먹고 싶다” 또는 “신맛이라 싫다”와 같은 의도와 반응을 만들어 냅니다. 

이 다섯 무더기가 함께 작동할 뿐, 그 어디에도 영원하고 변하지 않는 ‘나’라는 실체는 발견되지 않는다는 것이 오온에 대한 부처님의 통찰입니다."
"AI","이것은 몸의 형색{rūpakkhandha, 물질의 무더기}이다.

이것은 몸의 형색{rūpakkhandha, 물질의 무더기}의 쌓임{samudaya, 일어남}이다.

이것은 몸의 형색{rūpakkhandha, 물질의 무더기}의 사라짐{atthagama, 사라짐}이다.

이것은 몸의 형색{rūpakkhandha, 물질의 무더기}의 사라짐{atthagama, 사라짐}에 이르는 길{paṭipadā, 수행의 길}이다.

이것은 느끼는-마음{vedanākkhandha, 느낌의 무더기}이다.

이것은 느끼는-마음{vedanākkhandha, 느낌의 무더기}의 쌓임{samudaya, 일어남}이다.

이것은 느끼는-마음{vedanākkhandha, 느낌의 무더기}의 사라짐{atthagama, 사라짐}이다.

이것은 느끼는-마음{vedanākkhandha, 느낌의 무더기}의 사라짐{atthagama, 사라짐}에 이르는 길{paṭipadā, 수행의 길}이다.

이것은 생각하는-마음{saññākkhandha, 지각의 무더기}이다.

이것은 생각하는-마음{saññākkhandha, 지각의 무더기}의 쌓임{samudaya, 일어남}이다.

이것은 생각하는-마음{saññākkhandha, 지각의 무더기}의 사라짐{atthagama, 사라짐}이다.

이것은 생각하는-마음{saññākkhandha, 지각의 무더기}의 사라짐{atthagama, 사라짐}에 이르는 길{paṭipadā, 수행의 길}이다.

이것은 유위를-조작하는-행위들{saṅkhārakkhandha, 형성작용의 무더기}이다.

이것은 유위를-조작하는-행위들{saṅkhārakkhandha, 형성작용의 무더기}의 쌓임{samudaya, 일어남}이다.

이것은 유위를-조작하는-행위들{saṅkhārakkhandha, 형성작용의 무더기}의 사라짐{atthagama, 사라짐}이다.

이것은 유위를-조작하는-행위들{saṅkhārakkhandha, 형성작용의 무더기}의 사라짐{atthagama, 사라짐}에 이르는 길{paṭipadā, 수행의 길}이다.

이것은 분별하는-마음{viññāṇakkhandha, 의식의 무더기}이다.

이것은 분별하는-마음{viññāṇakkhandha, 의식의 무더기}의 쌓임{samudaya, 일어남}이다.

이것은 분별하는-마음{viññāṇakkhandha, 의식의 무더기}의 사라짐{atthagama, 사라짐}이다.

이것은 분별하는-마음{viññāṇakkhandha, 의식의 무더기}의 사라짐{atthagama, 사라짐}에 이르는 길{paṭipadā, 수행의 길}이다."
"수행일지","현재의 괴로움은 갈대다발의 비유와같이 서로 의존하여 일어나고있다.

sn12.67{갈대다발 경, 명색과 식이 서로 의존함}
dn15{대인연경, 괴로움의 연기적 고리를 증명함}
mn28{코끼리 발자국 비유의 큰 경, 조건 결합으로 일어난 현상임}

일체가 괴로움이라는 진리에 대한 의심, 괴로움이 아닐수도 있다는 가정에서 욕심이 시작된다.

sn12.1{분석 경, 무명과 갈애가 연기를 일으킴}
mn2{모든 번뇌 경, 부당한 사유가 번뇌를 키움}

그러면 갈대가 괴로움의 원인인가? 갈대는 존재하는가? 갈대또한 의존하여 일어나고있는 법이다.

sn12.15{깟짜야나곳따 경, 유무의 극단을 여읜 중도}
mn140{원소의 분석 경, 6대 원소의 모임일 뿐 실체 없음}
mn.22{뱀의 비유 경, 법마저도 집착할 것 없는 뗏목임}

계속 이렇게 갈대의 구성요소를 파고들어 최초의 원인을 찾으려하는것이 인간의 논리의 함정이며 괴로움을 유발한다.

sn15.1{초목 경, 윤회의 최초 시원은 알 수 없음}
mn63{말룽끼야 소경, 독화살 비유로 본 이론의 무익함}
mn18{꿀덩이 경, 망상과 희론이 만드는 논리의 감옥}

최초의 원인을 찾으려 하지말고 괴로움의 일어남과 괴로움의 소멸을 보라.

sn12.15{깟짜야나곳따 경, 지금 여기의 연기법을 관찰함}
mn63{말룽끼야 소경, 오직 괴로움의 해결에 집중함}

일어나는것은 괴로움이며..사라지는것은 괴로움이다.

sn5.10{바지라 경, 일고 사라지는 것은 오직 괴로움뿐임}
dn22{대념처경, 현상의 생멸을 있는 그대로 알아차림}
mn121{공에 대한 작은 경, 실체를 비워내고 생멸을 보아 평온함}"
"붓다의철학","[[ 무아{anattā, 자아없음}의 세계{dhammadhātu, 법계이자 현상의 실상} ]]

4성제{catu-ariya-sacca, 네 가지 성스러운 진리}는 괴로운 중생계인 세간의 존재방식과 존재원인을 밝힘으로써 세간을 벗어날 수 있는 출세간의 가능성과 그 실현의 길을 보여 줍니다. 

그렇다면 출세간은 어떤 세계일까? 

그것은 바로 무아의 세계입니다. 

고성제는 우리에게 세간의 괴로움이 무상한 5온{pañca-kkhandha, 다섯 가지 무더기}과 계탁된 자아 사이의 갈등이라는 사실을 알려주고, 집성제는 중생들이 자아로 취착한 5취온{pañca-upādānakkhandha, 집착된 다섯 무더기}이 욕탐과 갈망에 의해 망념이 모인 것임을 알려줍니다. 

그리고 멸성제는 욕탐과 갈망을 없애면 우리가 자아로 취착하고 있는 5취온이라는 망념이 사라져서 모든 괴로움이 사라진다는 사실을 가르쳐줍니다.

이렇게 망념의 멸진을 통해 5취온이라는 허망한 자아가 사라진 무아의 세계가 출세간이며, 멸성제는 이러한 출세간의 존재방식을 보여 줍니다. 

붓다가 5온은 무상{Anicca,고정된 것은 없다,상호 의존성}하며, 무상한 것은 고{Dukkha, 괴로움,변하지 않기를 바라는 집착}요, 고인 것은 무아라고 말한 것은 이러한 5온의 실상이 5온을 자아로 취착하고 있는 세간에서는 고이며, 출세간에서는 무아임을 표현한 것입니다. 

구체적으로 중아함경의 분별성제경에서는 중생들이 애착하고 있는 주관인 내6입처{cha-ajjhattikāni-āyatanāni, 안팎 여섯 감각장소 중 주관}와 객관인 외6입처{cha-bāhirāni-āyatanāni, 안팎 여섯 감각장소 중 객관} 그리고 세계인 6계{cha-dhātuyo, 공식적으로는 여섯 가지 요소}에서 해탈하여 물들지 않고 집착하지 않고 끊고 버리고 토하고 없앤 무욕의 세계이며, 이들이 멸하고 존재하기를 멈추고 사라진 세계라고 합니다. 

무아{Anatta,독립적인 실체로서의 '나'는 없다}의 세계는 자아{Attā,실체로서의 자아}와 세계가 남김없이 사라진 그야말로 자아가 없고 세계도 없는 경지라 할 수 있습니다.

도대체 어떻게 이런 세계가 가능하며 그 세계는 구체적으로 어떤 세계일까? 

모든 존재와 생명이 사라진 허무와 죽음의 세계일까? 

그렇지 않으면 무언가 새로운 세계가 중생계의 피안에서 우리를 기다리고 있는 것일까? 

이 문제는 아비달마불교 이후 불교인의 계속된 의문이었으며, 현재에도 문제가 되고 있을 뿐 아니라 붓다 당시의 유력한 제자들에게도 큰 의문의 하나였습니다. 

잡아함경은 아난{Ānanda, 붓다의 시자} 같은 제자도 이러한 의문에 휩싸여 있었음을 보여 줍니다. 

존자 아난이 존자 사리불{Sāriputta, 붓다의 으뜸제자}에게 6촉입처{cha-phassāyatana, 여섯 접촉 장소}를 떠나서 욕망이 멸하고 쉬고 사라져 버린 뒤에 다시 남는 것이 있느냐고 물었을 때, 사리불은 남음이 있는가 없는가 등을 묻는 것은 모두 무의미한 허언일 뿐이라고 대답합니다. 

6촉입처가 멸진하면 모든 허위를 떠나 반열반{parinibbāna, 완전한 소멸}을 얻게 되며, 이것이 붓다의 말씀이라는 것입니다. 

허위의 세계와 열반의 세계는 항상 대립적인 개념으로 묘사됩니다. 

유위{Sankhata, 조건 따라 변하는 현상}와 무위{Asankhata, 변함없는 절대적 평온}, 무명{Avijjā, 진리를 모르는 어리석음}과 명{Vijjā, 본질을 꿰뚫는 지혜}, 유루{Sāsava, 번뇌로 오염된 상태}와 무루{Anāsava, 번뇌가 사라진 순수함}, 생사{Saṃsāra, 끝없이 반복되는 윤회}와 열반{Nibbāna, 번뇌가 꺼진 궁극의 해방}, 세간{Loka, 집착 가득한 세속 세계}과 출세간{Lokuttara, 세속을 초월한 깨달음}, 결박{Bandhana, 번뇌에 얽매인 상태}과 해탈{Vimutti, 사슬을 끊은 마음의 자유} 등의 대립적인 개념은 허위의 세계와 열반의 세계를 표현합니다. 

이와 같은 대립적 구조는 세계가 우리의 선택 여하에 따라 결정된다는 선택의 자유와 함께 가치선택의 당위를 보여 줍니다. 

어느 세계를 선택할 것인가는 자유이지만, 자신이 진정한 행복을 원한다면 열반을 선택하지 않으면 안 된다는 것을 함축합니다. 

열반, 즉 무아의 세계는 강요되는 세계가 아니라 법계의 실상을 알고 행복을 추구할 때 스스로 기꺼이 선택하는 자유롭게 선택되는 세계입니다.


[[ 결박{saṁyojana, 자유를 구속함}과 해탈{vimutti, 구속에서 벗어남} ]]

결박이란 자유를 구속함이요, 해탈이란 구속에서 벗어난 자유로운 상태입니다. 

잡아함경에 의하면 구속하는 것은 욕탐입니다. 

그런데 구속된 것을 어떤 경전에서는 5온이라고 하고, 다른 경전에서는 12입처{dvādasa-āyatana, 열두 가지 감각장소}라고 합니다. 해탈하기 위해서는 구속하는 욕탐을 멸진해야 하고 구속된 것도 끊어 없애야 합니다. 그리고 해탈하는 주체는 마음입니다. 마음이 해탈하면 괴로움을 끊고 생사의 두려움을 초월할 수 있습니다. 이것은 우리의 상식과 어긋납니다. 구속된 것은 5온과 12입처인데 구속에서 벗어나 해탈하는 것은 마음이기 때문입니다. 구속된 자와 구속에서 벗어난 자가 다르며, 구속된 자를 끊어 없애야 하는 까닭은 무엇일까? 5온이나 12입처는 중생들이 자아와 세계로 취착한 것이며 그것을 취착한 원인은 욕탐입니다. 5온이나 12입처는 욕탐과 함께 집기한 것이므로 결법인 욕탐에 묶여있는 상태이며, 이것이 중생의 세계이고 허위의 세계입니다. 욕탐에 결박되어 취착하기 이전에는 이들은 5온이나 12입처가 아니라 네 가지 음식{cattāro-āhārā, 네 가지 자양분}이었고 연기하는 마음이었습니다. 즉, 존재화되고 대상화되기 전의 이들은 연기하고 있는 마음입니다. 이 마음이 욕탐에 결박되어 집기한 것이 5온과 12입처이기 때문에, 욕탐이 멸진하면 욕탐에 의해 집기한 허망한 5온과 12입처도 사라지며, 그 결과 연기하는 마음은 욕탐에서 벗어나게 됩니다. 사리불이 6촉입처의 멸진을 통해 허위의 세계에서 벗어나 진실의 세계인 열반을 얻을 뿐이라고 이야기한 까닭이 여기가 있습니다. 자아를 취착하여 유지하려는 마음이 욕탐이고, 욕탐이 사라진 마음이 해탈한 마음입니다. 두 마음은 본래 하나입니다. 마음에 욕탐이 생기면 그 욕탐에 의해 스스로가 결박되어 결소계법이 됩니다. 따라서 욕탐을 없애면 결소계법도 사라지며 이것이 심해탈{ceto-vimutti, 마음의 해탈}입니다.

우리가 생사윤회하는 것은 욕탐 때문입니다. 마음이 욕탐에 결박되어 결소계법이 되면 결박된 마음에 생사가 인식됩니다. 책상이라는 관념이 있으면 이 관념과 일치하는 물질이 새로 나타날 때 책상이 생겼다고 생각하고, 부서지면 책상이 없어졌다고 생각하지만, 본래 책상은 욕망에 의해 구성된 허위일 뿐 실재하지 않습니다. 자아로 취착되고 계탁된 5온이나 12입처도 저 책상과 같은 것입니다. 자아라고 생각하는 무명과 그로 인한 욕탐 때문에 마음은 오직 자아의 유지에 골몰하지만, 자아라고 생각하는 것은 생겼다가 늙고 병들어 죽어 갑니다. 욕탐에 의해 구속된 마음은 오직 이것을 변하지 않게 유지할 수 있는 방법만을 선택하므로 자유를 완전히 상실합니다. 해탈은 자유입니다. 자아를 망념으로 취착하지 않는 마음은 항상 모든 가능성을 선택할 수 있는 자유로운 상태에 있습니다. 이렇게 자유로운 상태에서 어떤 가능성을 선택하려는 마음은 원{paṇidhi, 미래지향적 노력과 정진}으로 표출됩니다. 원의 원어는 노력과 정진의 의미로 사용되는 개념입니다. 미래에 자신의 뜻을 세워놓고 그 뜻의 실현을 위해 노력한다는 의미를 함축합니다. 원으로서의 의지는 욕탐으로서의 의지와는 전혀 다른 모습으로 작용합니다. 욕탐은 과거의 체험을 모아서 5온을 구성한 후 이를 자아로 취착하고, 취착된 자아를 유지하기 위해 자신의 존재가능성을 선택하는 의지입니다. 목적이 과거에 취착된 자아에 있으므로 과거지향적입니다. 5취온은 본래 무상한 것이기에 잠시도 유지될 수 없어 욕탐에는 근본적으로 만족이 없고 항상 불안에 휩싸입니다. 범부들은 항상 무엇이 되고 싶다, 무엇을 갖고 싶다라는 의지를 지니는데, 이는 그것이 자신을 유지하는 데 도움이 된다고 믿기 때문입니다. 무엇을 추구하는 사람은 항상 타인을 적이나 경쟁 상대로 인식하므로 그 삶에는 탐욕, 분노, 어리석음이 끊임없이 이어집니다. 이것이 붓다가 말하는 세간입니다. 반면 원은 5온이 무상하여 잠시도 유지될 수 없음을 자각한 상태에서 일어나는 삶의 의지이며, 무아의 체득에서 비롯된 의지의 참모습입니다. 원을 축으로 미래의 가능성을 추구하는 삶에는 자기의 유지가 있을 수 없으며, 자기는 항상 법계와 함께 연기하는 지금 여기에 있는 현존일 뿐입니다. 현존은 시간적으로 존재하지 않습니다. 금강경에서 과거, 현재, 미래의 마음을 모두 얻을 수 없다고 설파한 것은 바로 이러한 현존을 이야기한 것입니다. 원은 미래지향적이지만 미래에 자신이 무엇이라는 존재자가 되겠다는 의미가 아니라, 현존을 자각한 입장에서 가능한 행위가능성{kamma-bala, 행위의 잠재적 힘}을 추구하는 것입니다.

---

[[ 무명{avijjā, 진리에 대한 무지}과 명{vijjā, 지혜의 밝음} ]]

해탈에는 마음이 욕탐에서 벗어나는 심해탈과 무명에서 벗어나는 혜해탈{paññā-vimutti, 지혜를 통한 해탈}이 있습니다. 명은 무명을 여읨으로써 얻게 되는 혜해탈을 의미합니다. 심해탈은 유위를 조작하는 행{saṅkhāra, 형성하고 조작하는 작용}에서 이루어지는 해탈입니다. 행의 원어는 여러 가지를 종합하여 만든다라는 의미가 있습니다. 행은 물질, 느낌, 생각, 형성, 분별의 공통된 특성을 모아서 5온이라는 유위를 조작하는 작용입니다. 5온은 연기한 의식이 존재화된 것이므로, 행은 체험을 통해 발생한 의식들을 공통된 특성끼리 종합하여 개념화하는 작용입니다. 개념의 성립은 표상에서 출발하여 비교, 추상, 총괄, 명명의 과정을 밟아 완성됩니다. 물질은 몸으로 지각함으로써 생긴 표상이고, 느낌은 느낌으로써 생긴 표상입니다. 생각은 이들 표상을 서로 비교하여 추상하고 총괄하는 작용입니다. 생각의 원어는 여러 가지 표상을 함께 비교하고 추상하여 총괄하는 작용을 의미합니다. 행은 생각을 통해 추상되고 총괄된 공통된 속성으로 개념을 구성하는 작용입니다. 분별은 행을 통해 구성된 개념에 각기 다른 이름을 붙여서 대상을 이름으로 분별하는 분별심입니다. 이와 같이 5온은 전체적으로 개념 형성의 구조를 가지고 있으며, 이러한 구조를 통해서 조작된 개념이 유위입니다. 유위는 곧 개념화된 존재입니다. 세간을 이루고 있는 5온은 표상의 존재화된 모습이며, 표상의 존재화는 생각에 기인합니다. 우리가 얻게 되는 표상이 어떤 존재로부터 주어지고 우리는 표상을 수동적으로 얻게 된다고 생각하는 것, 즉 표상을 제공하는 존재와 이를 인식하는 존재가 개별적으로 실재한다고 믿는 사유작용이 무명입니다. 무명의 상태에서 인식될 때 법계는 존재들의 세계로 인식되고 소유의 대상이 되므로 중생들은 욕탐을 축으로 존재가능성을 추구하게 됩니다.

그러나 표상을 있는 그대로 관찰하면 이것은 항상 일회적이며, 동일한 조건에서는 동일한 현상이 나타난다는 연기의 인과율을 발견하게 됩니다. 우리가 체험하는 모든 현상은 존재가 아니라 조건에 의존하여 연기하는 법{dhamma, 조건에 의해 연기하는 현상}이라는 것을 깨닫게 되며, 이것이 연기하는 법에 대한 안목입니다. 법은 주변의 다른 법과 함께 상호 영향을 주고받으면서 변역합니다. 법과 법 사이에 인과율이 있으며, 이러한 법과 실천적 관계를 맺을 때 법은 행위의 대상이 됩니다. 이때 우리가 어떤 하나의 행위를 선택할 수 있는 근거는 인과율입니다. 인과율을 법의 인과율로 이해할 경우 우리의 자유의지는 인과율과 모순되는 것이 아니라 오히려 인과율에 의존하고 있음이 드러납니다. 명은 이와 같이 세계를 법계로 인식하고 법과 법 사이의 연기하는 인과관계를 깨달은 상태에서의 사유작용입니다. 생각이 명의 상태에 있을 때, 행은 욕탐에서 벗어나 원을 축으로 행위가능성을 추구하게 됩니다. 이렇게 명의 상태에서 존재를 소유의 대상으로 취착하지 않고, 행위의 대상으로 법을 선택하는 것이 심해탈이라면, 법을 존재화하지 않고 여실하게 사유하는 지혜가 혜해탈입니다. 따라서 심해탈이 있을 때 혜해탈이 있고, 혜해탈이 있을 때 심해탈은 완전해집니다.

---

[[ 유위{saṅkhata, 조건에 의해 조작된 것}과 무위{asaṅkhata, 조작되지 않은 연기의 실상} ]]

붓다는 유위는 생주이멸하고 무위는 불생부주불이불멸한다고 말합니다. 그러나 유위와 무위는 결코 별개의 것이 아닙니다. 유위란 행에 의해 조작된 것이기 때문에 유위와 무위의 차이는 그것이 허구인가 진실인가의 차이가 있을 뿐입니다. 어떤 사물이 마음의 작용에 의해 존재로 대상화되어 인식될 때 그것을 유위라 하고, 법으로 체험될 때 그것을 무위라고 합니다. 유위가 생주이멸한다는 것은 우리가 존재로 대상화하여 인식하고 있는 모든 것은 우리에게 생기고 머물고 변질되고 사라지는 것으로 인식된다는 의미입니다. 책상이 생주이멸하는 것은 책을 놓고 보기에 적합한 상태라는 기준에서 법을 인식한 결과일 뿐입니다. 존재자는 자기 동일성을 유지할 수 있어야 하지만 외부의 사물은 한 순간도 동일하게 존속하지 않습니다. 존재의 자기 동일성은 존재의 고유성이 아니라 그것을 존재로 파악하는 우리의 마음이 구성한 허구이며, 이 행에 의해 구성된 허구적 존재자가 유위입니다. 무위가 생주이멸하지 않는다는 것은 무위법이라는 불변의 존재가 있다는 말이 아니라, 허구적으로 존재를 조작하지 않으면 법은 생주이멸하는 것으로 인식되지 않는다는 것을 의미합니다. 인과율을 존재 사이의 법칙으로 이해하면 모든 존재는 생주이멸하는 것으로 인식되지만, 인과관계는 법 사이의 연기관계입니다. 개념은 존재를 지칭하는 것이 아니라 연기하고 있는 법과 실천적 관계를 맺을 때 우리가 편의상 분별하는 법을 지칭하는 것이며, 붓다는 이와 같이 연기하는 법을 편의상 분별할 때 이것을 시설{paññatti, 편의상 설정한 가명 표현}이라고 합니다. 붓다가 사용하는 모든 개념은 존재를 지칭하는 것이 아니라 연기하는 행위를 지시하며 시설이라고 부릅니다. 시설의 원어는 동사에서 파생된 명사입니다.

지혜{paññā, 미래의 결과를 내다보는 실천적 지혜}는 어떤 행위를 선택하면 미래에 어떤 결과가 있게 될 것인가에 대해 알아서 자신의 원에 따라 행위를 선택할 줄 안다는 것을 의미하므로 실천지라고 할 수 있습니다. 5온의 생각과 식은 무명의 상태에서 일어나는 사유작용이기에 붓다는 이를 부정적으로 보지만, 지혜는 진리를 깨달은 명의 상태에서 일어나는 사유작용이므로 긍정적으로 봅니다. 지혜는 행위인 업과 결과인 보 사이의 인과관계를 깨닫고 원을 축으로 행위가능성을 추구하는 현존의 사유작용입니다. 이렇게 업보 사이의 인과관계를 여실하게 이해하는 것이 지혜이고, 이 지혜에 의한 행위의 선택을 위해 편의상 법을 개념화한 것이 시설입니다. 시설은 가명의 의미와 함께 편의상 그렇게 표현한다는 의미가 있습니다. 연기하는 현상은 끊임없이 변화하고 있으며, 본질적으로는 분리가 불가능한 연속적 변화인데 이를 구분하는 것은 우리의 의식입니다. 시설은 편의상 설정한 기준이라는 의미를 함축하고 있습니다. 연기하는 세계는 시간적으로나 공간적으로 분리될 수 없습니다. 유위는 이러한 실상을 여실하게 이해하지 못한 중생들이 욕탐으로 분별하여 존재화시킨 것입니다. 행에 의해 조작된 대상을 식으로 인식한 것이 유위이고, 행의 작용을 멈추고 지혜로 인식한 인과율에 의해 연기하는 현상이 무위입니다. 유위와 무위는 이와 같이 우리의 인식 태도에 의해 구별될 뿐 개별적인 존재가 아닙니다.

---

[[ 생사{saṁsāra, 윤회의 괴로운 흐름}과 열반{nibbāna, 탐진치가 소멸한 평화} ]]

세간법과 출세간법은 우리의 인식태도에 의해 구별될 뿐 결코 별립하고 있는 것이 아닙니다. 생사와 열반도 마찬가지입니다. 생사는 자아를 존재하는 자아로 취착했을 때 인식되는 허위이며, 열반은 행위하는 현존을 깨달았을 때 인식되는 진실입니다. 세간과 출세간의 차이는 무명의 상태에서 욕탐을 지향축으로 하느냐, 명의 상태에서 원을 지향축으로 하느냐의 차이일 뿐입니다. 욕탐을 축으로 존재가능성을 추구하는 중생은 무명에서 벗어나 명의 상태가 되면 원을 축으로 행위가능성을 추구하는 현존으로 전환됩니다. 세간을 떠나 따로 출세간은 있을 수 없으며, 욕탐을 축으로 할 때 괴로움인 생사는 원을 축으로 할 때 새로운 행위선택의 가능성이며 열반입니다. 붓다는 무명에 의해 전도된 5취온의 존재방식을 생사의 괴로움이라고 이야기하며, 그 원인이 갈망에 의한 망념의 집기라는 사실을 밝힙니다. 진리에 대한 무지에서 보고 느끼고 인식하는 것이 문제이며, 따라서 진리를 알면 그 진리에 상응하는 바른 삶이 나타납니다. 출세간의 다섯 가지 음식인 선식, 원식, 염식, 8해탈식, 희식은 출세간을 이루어 유지시키는 자양분입니다. 이는 열반의 세계란 선정을 통해 망념을 가라앉히고, 욕탐을 원으로 바꾸어서, 정념을 잃지 않고, 항상 기쁨으로 살아가는 삶이라는 것을 보여 줍니다. 이와 같이 결박은 마음이 욕탐을 축으로 존재가능성을 지향하는 것을 의미하고, 해탈은 욕탐을 버리고 원을 축으로 행위가능성을 지향하는 것을 의미합니다.

명의 상태에서 원을 축으로 행위가능성을 추구하는 삶은 5분법신{pañca-dhamma-kkhandha, 명이 밝아져 성취하는 다섯 가지 공덕 무더기}의 성취로 이어집니다. 5분법신은 계율무더기{sīlakkhandha, 계온}, 선정무더기{samādhikkhandha, 정온}, 지혜무더기{paññākkhandha, 혜온}, 해탈무더기{vimuttikkhandha, 해탈온}, 해탈지견무더기{vimuttiñāṇadassanakkhandha, 해탈지견온}로 불립니다. 5분법신은 본질적으로 5취온과 다르지 않으며, 명에서 원을 축으로 행위가능성을 추구하는 행위하는 현존이라는 차이가 있을 뿐입니다. 5분법신은 어떤 행위를 선택할 것인가를 문제 삼고서 선택한 행위를 실천하고 있는 현존입니다. 물질이 무상하게 연기한 법임을 깨달아 온갖 악행을 멀리하는 것이 계율신이고, 욕탐을 떠나 계율을 실천함으로써 항상 고요한 마음으로 생활하는 것이 선정신입니다. 행위의 대상에 대하여 그 인과를 사유하는 것이 지혜신이고, 사유를 통해 발견된 인과율에 의해 가장 가치 있는 행위를 자유롭게 선택하여 실천하는 것이 해탈신입니다. 일체의 법은 무아이고 공이어서 업보만 있을 뿐 작자는 없다는 깨달음을 통해서 생사와 생멸이 본래 없음을 확실하게 인식하는 것이 해탈지견신입니다. 중생의 삶의 방식이 5취온이라면, 5분법신은 계율을 지키고 마음의 안정을 얻으며 지혜롭게 사유하여 행위를 선택해 실천함으로써 생사가 허위임을 깨닫는 현존의 삶의 방식이며 이와 같은 삶이 열반입니다. 계율의 원어는 습관을 뜻합니다. 눈과 색은 본다는 행위를 통해 나타나는 행위의 결과이므로 업보는 있으나 작자는 없다는 공의 의미이며 주객이 분리되지 않습니다. 계율은 이와 같이 자아와 세계를 삶의 결과로 인식하여 진리에 순응하는 습관을 익히도록 시설된 것입니다.

우리가 고락의 감정에 휩싸이고 마음이 산란해지는 것은 잘못된 습관으로 살아가기 때문입니다. 고락의 감정에 휩싸인 산란한 마음은 진리에 순응하는 습관에 길들여짐으로써 고요한 상태로 안정되는데 이것이 선정입니다. 마음이 욕탐으로부터 벗어난 심해탈은 선정을 통해서 성취됩니다. 마음이 선정의 상태가 되면 생각이 지혜가 되어 법이 인과적으로 연기하고 있음을 깨닫게 됩니다. 생각이 지혜로 변화하면 행도 변화하여 지혜에 의해 파악된 인과율을 토대로 행위가능성을 추구하게 되며 이것이 해탈신입니다. 해탈신은 의지가 원을 축으로 행위가능성을 추구하는 의지로 변화된 것입니다. 행위가능성을 추구하면 인식에도 변화가 생겨 유위의 허구성을 통찰하고 무아를 깨닫게 됩니다. 이러한 자각은 연기한 모든 법이 불가분의 관계로 맺어져 있는 하나의 법계라는 사실의 체험입니다. 5분법신은 모두가 해탈신입니다. 계율은 물질로부터의 해탈이고, 선정은 느낌, 지혜는 생각, 해탈은 형성, 해탈지견은 식으로부터의 해탈입니다. 계정혜 3학{tīni-sikkhā, 해탈을 얻기 위한 세 가지 수행 덕목}을 실천하여 심해탈과 혜해탈을 구족하고 자유롭게 행위가능성을 추구하는 삶이 구해탈{ubhatobhāga-vimutti, 정과 혜를 모두 성취한 양면의 해탈}이며 해탈의 완성입니다. 9차제정{nava-anupubbi-vihāra, 아홉 가지 단계적 선정}과 8해탈{attha-vimokkha, 여덟 가지 해탈 단계}은 중생들의 존재방식인 5취온이 선정을 통해 점차 5분법신으로 환원되는 모습을 보여 줍니다. 5온을 떠나 5분법신이 따로 있는 것이 아니라 우리가 지혜를 성취하면 5취온이 곧 5분법신이 됩니다. 땅이 세간의 바탕이 되듯이 5온 등의 중생의 몸이 5분법신의 바탕이 되며, 5분법신은 명을 근본으로 이루어집니다. 생사와 열반, 유위와 무위, 세간과 출세간은 결코 별립하는 것이 아닙니다. 고성제와 집성제를 여실하게 알아서 여법하게 살아가면 그것이 바로 멸성제와 도성제입니다.

---

[[ 무아{anattā, 자아라는 실체가 없음}의 세계{dhammadhātu, 법계이자 현상의 실상} ]]

지금까지 살펴본 바와 같이 세계와 자아는 시공을 초월하여 불가분의 관계로 맺어진 하나의 법계입니다. 열반은 하나의 법계에서 자아와 세계를 분별하지 않고 여법하게 살아가는 삶을 의미합니다. 우리는 이러한 법계에 살고 있습니다. 한 개인의 행위는 그 개인의 행위로 끝나는 것이 아니라 법계의 변화로 나타맙니다. 하나의 돌이 수면에 떨어지면 호수의 모든 수면으로 물결이 퍼져나가듯이, 우리의 행위 하나하나는 법계를 새로운 모습으로 변화시키고, 우리의 삶은 법계를 조건으로 연기하고 있습니다. 중생의 업은 법계를 변화시키고 법계의 변화는 중생을 변화시키므로 법계와 중생은 둘이 아닙니다. 나의 업은 법계라는 보로 나타나고 법계라는 원인은 나의 업을 일으킵니다. 무아는 이와 같이 자아와 법계가 둘이 아니라는 의미에서, 즉 자타가 있을 수 없다는 의미에서 나의 없음입니다. 인과는 불변의 법칙이지만 존재의 법칙이 아니라 업보의 법칙이며 행위의 법칙입니다. 업보는 있으나 작자는 없다라는 말씀은 이것을 의미합니다. 참된 자아는 존재가 아니라 행위와 그 결과인 업보이며 이것이 공의 의미입니다.

무아의 세계는 바로 공의 세계입니다. 공의 세계에는 존재는 없고 행위만 있습니다. 행위는 무한한 선택의 가능성과 무제약적인 자유 속에서 이루어집니다. 인과율에 의해 보장된 행위의 결과에 대하여 원하는 결과에 상응하는 행위를 자유롭게 선택함으로써 원하는 결과를 성취할 수 있습니다. 행위하는 현존이 존재하는 자아로 전락할 때 우리는 자유를 상실하고 모든 것이 괴로움으로 귀착되며 결국 죽음을 피할 수 없게 됩니다. 가치의 선택에서도 그렇습니다. 우리는 어떤 존재를 소유함으로써 가치를 실현했다고 믿지만 그 소유는 괴로움의 원인이 되고 걱정과 근심만 키울 뿐입니다. 행위하는 현존, 즉 무아의 자각은 상실된 자유를 회복시킵니다. 인과적 실상을 안다면 타인을 미워할 것이 아니라 나의 행동을 변화시켜야 하며, 여기에서 자유로운 선택의 길이 열립니다. 이와 같이 공의 세계, 무아의 세계에서 가치는 행위의 선택을 통해 창조하는 것이지 기존의 가치를 소유하는 것이 아닙니다. 가치는 창조하는 것이기에 자신의 노력에 따라 얼마든지 많은 가치를 창조할 수 있으며, 소유하고 있는 존재가 없기 때문에 걱정이 있을 수 없습니다. 연기하는 법계는 실상이 공하여 자유로운 가치 선택의 장이 되고 있다는 자각을 통해 자유롭게 행위를 선택하는 것이 해탈입니다. 해탈의 경지에서 본다면 생사는 한갓 허위일 뿐이며 행위하는 자아는 법계와 함께 시공을 초월해 연기하고 있음을 깨닫게 되는데 이것이 해탈지견입니다. 해탈지견에서 보면 이 세상은 상주하는 법계이며 적정한 열반입니다. 자타의 분별이 없어서 투쟁이 없고 언제나 평화롭습니다. 이것이 무아의 세계입니다. 무한한 자유로 절대 평등한 법계에서 원대로 가치를 창조하고 누구와도 평화롭게 공존하는 세계가 열반입니다. 그리고 원을 축으로 가치 있는 행위를 지혜롭게 선택하면서 자비심으로 행위가능성을 선택하는 5분법신이 우리가 성취해야 할 무아이자 진아입니다."
"붓다의철학","[[ 붓다의 중도{majjhimā paṭipadā, 극단을 떠난 올바른 길} ]]

사문{samaṇa,여러 외도 수행자들}들의 사상은 독단적인 바라문{brāhmaṇa,베다를 암송하는 제사장} 사상에 대한 비판적 각성이다.

현실적인 경험이나 인간적인 사유가 무시된 가운데 주장된 범아일여론{brahmātmaika-vāda, 우주의 근본 원리와 개인의 자아가 하나라는 이론}과 같은 독단론은 결코 인정할 수 없다는 것이다. 

그러나 이들도 세계와 인간을 설명하는 데는 실패하고 말았다. 뿐만 아니라 사문들의 사상은 사회적으로 윤리의 파괴를 초래했다.

산자야-벨랏티푸타{Sañjaya Belaṭṭhiputta}  회의론{skeptic,그렇다고도 하지 않고,그렇지 않다고도 하지 않고,판단을 유보하는 태도}

니간타-나타풋타{Nigaṇṭha Nātaputta}  상대주의{syādvāda,조건부 진술론,모든 진술은 조건과 관점에 한정하여 참이다}

푸라나-깟사빠{Pūraṇa Kassapa}  도덕부정론{행위에는 도덕적 과보가 없다}

아지타-께사깜발리{Ajita Kesakambalī}  유물론{Materialism, 인간과 세계를 물질의 결합으로 설명하는 사상,그 요소들이 흩어질 뿐이며 업의 과보도 없다고 주장}

막칼리-고살라{Makkhali Gosāla}  결정적-인과론{Niyativāda,숙명론,모든 것은 운명에 의해 결정된다}

자이나교{Jainism,자기 학대적 고행}  맹목적인-고행{고행으로 과거 업을 태운다는 주장}

붓다는 이와 같은 현실을 매우 우려했다. 

중아함경의 도경{titthāyatana-sutta, 외도들의 주장을 비판한 가르침}에서 붓다는 당시의 현실을 다음과 같이 비판하고 있다.
[[]]
[[어떤 사문{samaṇa, 출가 수행자}과 범지{brāhmaṇa, 바라문교의 성직자}는 일체는 모두 숙명의 조작에 의한 것이라고 주장하고, 또 어떤 사문과 범지는 존우{issara, 절대적 신의 섭리}의 조작에 의한 것이라고 주장하며,또 어떤 사문과 범지는 인{hetu, 직접적인 원인}도 없고 연{paccaya, 간접적인 조건}도 없다고 주장한다. ]]
[[]]
[[만약 그와 같다면 그들은 숙명이나 존우의 조작에 의해 또는 아무 이유도 없이 살생 같은 악행을 하게 될 것이다. ]]
[[]]
[[그러나 비구들이여, 숙작인{pubbekata-hetu, 과거의 업을 원인으로 보는 견해}이나 존우작인{issaranimmāna-hetu, 신의 창조를 원인으로 보는 견해} 등에 의지하면, 거기에는 하고자 하는 욕구도 있을 수 없고, 노력도 있을 수 없으며, 이 행위는 해야 하고 이 행위는 해서는 안 된다는 당위성도 있을 수 없게 된다.]]
[[]]
소위 삼종외도설{tīni-titthāyatanāni, 세 가지 그릇된 외도의 사상}로 불리는 이와 같은 붓다의 비판은, 붓다가 그릇된 사상에 기인하는 당시의 혼란한 사회상에 대하여 크게 우려하고 있었음을 보여 준다. 

붓다의 관심은 이와 같은 윤리적 타락을 막을 수 있는 진정한 윤리의 확립에 있었다. 

그러나 윤리의 확립은 단순한 도덕률의 제시로 해결되는 문제가 아니다. 

당시의 윤리적 타락이 외도들의 사상에 기초하고 있듯이, 진정한 도덕률이 되기 위해서는 이들 사상을 극복할 수 있는 사상체계가 필연적으로 요구된다고 할 수 있다. 

따라서 붓다의 관심이 윤리적인 측면에 있었다고 해서 형이상학적인 측면에 관심이 없었을 것이라고 생각할 수는 없다.

그런데 붓다는 당시의 형이상학적 문제에 대하여 일관된 침묵으로 대응하고 있다. 

이와 같은 붓다의 침묵이 무관심이나 불가지론의 표현이 아님은 이미 상술한 바 있다. 

그렇다면 붓다의 철학적 입장은 어떤 것일까? 필자는 이것을 중도라고 지적한 바 있다. 

이제 붓다의 철학적 입장인 중도에 대하여 살펴보고자 한다.

[[ 고락중도{kāmambhoga-attakilamatha-majjhimā-paṭipadā, 쾌락과 고행의 극단을 떠난 길} ]]

일반적으로 고락중도를 이야기할 때 거문고의 비유를 든다. 

증일아함경에 의하면, 어떤 비구가 잠을 자지 않고 정진했으나 욕루{kāmāsava, 감각적 욕망의 번뇌}에서 벗어나지 못함을 자책하고 환속할 생각을 일으키자, 붓다는 거문고의 줄을 너무 죄거나 늦추면 그 소리가 아름답지 못하듯이 수행에 있어서도 극단적인 정진이나 해태{kosajja, 게으름과 나태함}를 피하여 그 중간에서 수행할 것을 권한다. 

이 비유가 중도를 의미한다면 중도는 중용{mesotēs, 극단을 피하는 중간의 상태}과 다르지 않다. 

그러나 거문고의 비유는 고락중도를 의미하지 않는다. 

중도는 결코 중용이 아니다.

중아함경의 구루수무쟁경{araṇavibhaṅga-sutta, 무쟁에 대한 분별의 가르침}과 이에 상응하는 아라나위방가-숫따{Araṇavibhaṅga Sutta,지나간 것을 뒤쫓지 말라,미래를 갈망하지 말라,현재를 있는 그대로 알라}에서 붓다는 고락중도에 대하여 다음과 같이 이야기한다.

[[]]
[[성자{ariya, 거룩한 이}의 행{paṭipadā, 수행의 길}이 아닌 범부{puthujjana, 일반인}의 하천{hīna, 저열하고 속된 것}하고 무익한 감각적-쾌락{kāmasukha, 감각적 즐거움}을 추구하지도 말고, ]]
[[]]
[[성자의 행이 아닌 고통스럽고 무익한 자신을 괴롭히는 고행{tapas, 육체적 고통 수행}을 추구하지도 마시오. ]]
[[]]
[[이들 막다른 두 길을 멀리하면 여래가 깨달은 중도가 있으며, 이 길은 안목이 생기고 앎이 생기며, 평온과 수승한 지혜와 깨달음과 열반으로 이끈다오. ]]
[[]]
[[‘이들 막다른 두 길을 멀리하면 여래가 깨달은 중도가 있으며, 이 길은 안목이 생기고 앎이 생기며, 평온과 수승한 지혜와 깨달음과 열반으로 이끈다.’라고 했는데, 이 말은 무엇을 이야기한 것인가? ]]
[[]]
[[정견{sammā-diṭṭhi, 바른 견해}, 정사유{sammā-saṅkappa, 바른 사유}, 정어{sammā-vācā, 바른 언어}, 정업{sammā-kammanta, 바른 행위}, 정명{sammā-ājīva, 바른 생계}, 정정진{sammā-vāyāma, 바른 노력}, 정념{sammā-sati, 바른 마음챙김}, 정정{sammā-samādhi, 바른 집중}이라고 하는 성자의 8정도{ariya-aṭṭhaṅgika-magga, 여덟 가지 성스러운 길}가 있다오.]]
[[]]

당시의 바라문교에서는 수정주의{samādhi-bhāvanā, 선정을 닦는 수행 태도}를 수행법으로 취했고, 자이나교에서는 고행주의{tapas, 육체를 고통스럽게 하는 수행}를 취했으며, 대부분의 사문들은 쾌락주의{kāmasukhallika, 감각적 즐거움을 따르는 태도}를 택했다. 

그런데 붓다는 이 경에서 자신은 쾌락주의{Kāmasukhallikānuyoga,감각적 쾌락에 탐닉하는 삶}와 고행주의{Attakilamathānuyoga,육체를 극도로 학대하는 수행,고통 자체가 해탈을 가져온다고 믿음}를 버리고 8정도{Ariya Aṭṭhaṅgika Magga,중도의 구체적인 실천법,괴로움을 소멸하는 수행의 길}를 수행법으로 취하고 있음을 보여 주고 있다. 

그렇다면 붓다는 왜 당시의 사문들이 취했던 수행법을 버리고 8정도라는 새로운 수행법을 택하였을까?

수행의 목적은 열반{nibbāna, 번뇌가 소멸한 평화의 경지}, 즉 최고의 가치를 성취하는 데 있다. 

당시의 사문들은 대부분 세속적인 감각적 쾌락을 최고의 가치로 생각했다. 

윤리적 인과율과 내세를 부정하는 이들에게는 살아있는 동안 어떤 방법으로든 세속적인 욕구를 충족시키는 것이 가장 가치 있는 일이었다.

한편 자이나교에서는 현실에서의 삶을 부정적으로 보고 있다. 

그들에게 현생은 전생의 업에 대한 보를 받는 괴로운 세계일뿐이다. 

따라서 현생에서 쾌락을 추구하는 일은 내생의 괴로움을 만드는 일이므로 끝없이 윤회를 지속하게 할 뿐 결코 가치 있는 일이 아니다. 

현생은 이와 같이 괴로운 것이기 때문에 현생에서 빨리 괴로움을 받고, 다음 세상에서 윤회를 벗어나는 것이 가장 가치 있는 일이다.

이와 같이 쾌락주의와 고행주의는 나름대로의 세계관과 인생관에 의해 선택된 가치관이다. 

우리의 삶이 현생뿐인가 아니면 내생이 있는 것인가 하는 견해의 차이에서 쾌락주의와 고행주의라는 상반된 가치관이 나올 수 있다. 

위에 인용한 경에서 붓다는 이와 같은 가치관을 모두 부정하고 있다. 

붓다가 이들의 가치관을 배척한 것은 붓다에게 이들과는 다른 세계관과 인생관이 있고, 그에 따른 새로운 가치관이 있기 때문이다. 

붓다가 중도로 제시한 8정도는 붓다의 세계관과 인생관 그리고 가치관을 함축하고 있다.

8정도의 내용을 보면 마지막 지분이 정정{sammā-samādhi,바르게 집중함,선정 수행을 통해 마음을 통일함}으로 되어 있다. 

이것은 8정도의 다른 지분은 바른 선정에 이르는 과정이라는 것을 의미한다. 

바꾸어 말하면, 붓다가 추구한 최고의 가치는 선정을 통해 성취된다고 할 수 있다. 

따라서 겉으로 보기에 붓다의 중도는 일종의 수정주의라고 할 수 있고, 이와 같은 붓다의 입장은 수정주의를 택했던 당시의 바라문교와 다를 바가 없어 보인다.

당시의 우파니샤드 철학자들은 윤회{saṁsāra, 괴로운 흐름과 순환}에서 해탈{mokṣa, 구속에서의 벗어남}하는 것을 최고의 가치로 삼았고, 해탈을 위해서는 진정한 자아인 브라만{brahman, 우주의 근본 실체}에 대한 무지에서 벗어나야 되며, 브라만에 대한 인식은 선정을 통해 이루어진다고 생각하여 수정주의를 취하고 있었다. 

그러나 8정도는 우파니샤드의 수정주의와 그 내용이 다르다. 

무엇보다도 8정도의 첫 지분인 정견{sammā-diṭṭhi,바르게 이해함,사성제·업과 과보·연기를 이해함}, 즉 진리관이 우파니샤드와 크게 다르다. 

이후에 고찰할 붓다의 중도는 바로 이와 같은 붓다의 진리관을 표명한 것이다.

[[ 자작타작중도{sayaṅkata-paraṅkata-majjhimā-paṭipadā, 스스로 만듦과 타인이 만듦을 초월한 길} ]]

인도철학의 목적은 궁극적으로 괴로움에서 해탈하는 데 있다. 

진리의 체득도 중요한 목표이기는 하지만, 이것은 해탈과 무관한 것이 아니라 해탈의 조건이 된다. 

이와 같이 해탈을 목표로 한다고 할 때 문제가 되는 것은 괴로움의 발생에 관한 것이다. 

괴로움에서 벗어나기 위해서는 괴로움이 누구에 의해 어떻게 생기는가를 문제 삼지 않을 수 없다. 

자작타작중도는 이와 같은 괴로움의 발생에 관한 문제에 대하여 외도들의 견해를 비판하고 붓다의 입장을 밝힌 것이다. 

따라서 8정도가 실천적 측면의 중도라면, 자작타작중도는 8정도의 실천에 앞서 갖추어야 할 정견{sammā-diṭṭhi,바르게 이해함,사성제·업과 과보·연기를 이해함}을 밝힌 이론적 측면의 중도다.

자작타작중도가 설해지고 있는 잡아함경에서 붓다는 ‘괴로움은 자작{sayaṅkata, 스스로 만든 것}인가, 타작{paraṅkata, 타인이 만든 것}인가, 자타작{sambhata, 자신과 타인이 함께 만든 것}인가, 비자비타무인작{adhicca-samuppanna, 원인 없이 우연히 생긴 것}인가’ 하는 물음에 대하여 침묵한다. 

여기에 나오는 네 가지 견해는 각각 

우파니샤드{자작,괴로움은 영원한 자아가 짓고 스스로 받는다}, 

숙명론{타작,괴로움은 숙명·운명에 의해 결정된다}, 

자이나교{자타작, 영혼의 행위와 업의 작용이 함께 괴로움을 만든다}, 

유물론{무인작, 우연 발생·무원인 발생}의 주장이다.

우파니샤드의 경우, 자기동일성을 지닌 상주불멸하는 아트만{ātman, 영원불변하는 자아}은 행위의 주체임과 동시에 그 행위에 대한 과보를 받는 자이다. 

괴로움은 불멸의 자아가 짓고 받는다는 것이다. 

따라서 자작은 우파니샤드의 견해다.

숙명론의 입장에서 보면 괴로움은 숙명에 의해 이미 결정된 것이다. 따라서 타작은 숙명론의 견해다.

자이나교에서는 명아{jīva, 영적 생명 실체}가 행위는 하지만 괴로움은 업{kamma, 물질적 형태의 업}이라는 물질 때문에 생긴다고 주장한다. 업이 침투하는 측면에서 보면 괴로움은 자작이지만, 괴로움이 생기는 측면에서 보면 타작이다. 따라서 자타작은 자이나교의 견해다.

세계와 인간을 물질적 요소의 우연한 결합으로 설명하는 유물론자의 입장에서 보면, 괴로움의 발생은 우연한 것일 뿐 윤리적 행위의 결과가 아니다. 따라서 무인작은 유물론자의 견해다.

붓다는 이와 같은 외도들의 주장에 대하여 침묵한 후, 자신은 이들 사견을 모두 배척하고 중도에서 이 문제에 대하여 논의한다고 하면서 연기법, 즉 12연기{dvādasa-paṭicca-samuppāda, 열두 가지 조건의 상호 의존적 발생}를 설한다. 

붓다가 외도들의 견해를 비판하고 연기법을 설하는 까닭은 괴로움의 발생에 대한 시각이 외도들과 근본적으로 다르기 때문이다.

외도들은 괴로움을 무엇인가가-만든-것{작자,creator}으로 보고 있지만, 붓다는 어떤 조건{연, condition}에서 생긴 것으로 본다. 

따라서 괴로움의 멸진을 위해서는 괴로움을-만든-자{작자}가 문제되는 것이 아니라, 괴로움이-발생하는-조건{연}이 문제된다고 보고 있다. 

괴로움이-생기는-조건을-알-때{samudaya,집성제}, 그것을-멸하는-방법을-알-수-있으며{nirodha,멸성제}, 괴로움에서-벗어나기-위한-길{magga,도성제}이 열린다는 것이다.

12연기는 이러한 괴로움의 발생과 멸진의 과정을 잘 보여 주고 있다. 

무명{avijjā, 진리에 대한 근본적 무지}의 상태에서 괴로움이 발생하기 때문에 무명을 없애면 괴로움도 없어진다는 것이 12연기다. 

그런데 괴로움의 멸진을 위해 무명을 멸진해야 한다고 할 때, 여전히 남게 되는 문제는 무명이 어떤 것인가 하는 점이다.

무명{연기법에 대한 무지}은 진리{연기법에 대한 바른 이해}에 대한 무지를 뜻한다. 

우파니샤드에서도 괴로움은 브라만과 아트만에 대한 무지에서 비롯된다고 주장하고, 자이나교에서도 명아에 업이 침투하여 괴로움이 생기므로 이 과정을 알아서 업이 침투하지 못하게 해야 한다고 주장한다.

이와 같이 외도들의 견해도, 괴로움의 발생이 근본적으로는 진리의 무지에서 비롯되므로 괴로움의 멸진을 위해서는 반드시 진리를 알아야 한다는 점에서는, 붓다와 다를 바가 없다. 

문제는 ‘무엇이 진리인가?’이다.

당시의 외도들이 발견하고자 한 진리는 ‘본질이 되는 존재’, 즉 근본 실체였다. 

외도들은 세계와 인간을 구성하는 근본실체를 문제 삼았다. 

우파니샤드의 브라만{Brahman,우주의 근원적 실재}과 아트만{Ātman,죽어도 사라지지 않는 영원한 자아}

유물론의 4대{cattāri mahābhūtāni,지·수·화·풍}

자이나교의 오실재신{pañca-atthikāya, 다섯 가지 실재하는 법더미,영혼·물질·공간·운리·정지}, 후대 자이나교는 시간{kāla}을 더하여 육실재{ṣaḍ-dravya}

등은 모두 이 문제의 해답으로 제시된 것이다.

외도들의 전변설{pariṇāma-vāda, 원인에서 결과가 전개된다는 이론,결과는 원인이 변형(전변)되어 나타난 것이다}과 적취설{ārambha-vāda, 요소들이 모여 결합한다는 이론}은 상반된 입장에서 모순대립하고 있지만 세계와 인간이 어떤 실체로 되어 있는가를 추구한-점{근본 실체가 무엇인가?}에서는 다를 바가 없다. 

그들이 괴로움의 작자를 문제 삼는 까닭도 여기에 있다. 

세계와 인간이 실체로 구성된 것이라면, 그 실체들 가운데 괴로움을 일으키는 실체는 무엇인가를 문제 삼은 것이다.

붓다의 연기법은 실체를 문제 삼지 않는다. 

이후에 살펴보겠지만, 붓다에게 모든 존재는 망념으로 조작된 허구적인 것이다. 

붓다는 철학의 문제를 ‘세계와 인간을 구성하는 실체는 무엇인가’의 문제가 아니라, ‘우리가 인식하는 세계와 인간은 어떤 과정을 통해 이루어진 것인가’의 문제라고 본다. 

연기법은 이와 같은 관점에서 괴로운 세간의 성립과정을 밝힌 것이다.

붓다가 사견이라고 비판한 철학은 망념으로 조작된 허구적인 존재들 가운데서 본질적 존재를 추구하는 모든 철학이며, 중도는 이러한 무의미한 철학을 버리고 올바른 방법으로 철학하는 태도를 의미한다. 

그리고 연기법은 중도를 통해 드러난 진리이기 때문에 정견으로 제시된다. 

바꾸어 말하면 붓다가 이야기하는 무명은 연기법에 대한 무지이며, 연기법에 대한 바른 이해가 정견이다.

[[ 단상중도{uccheda-sassata-majjhimā-paṭipadā, 끊어짐과 영원함의 극단을 떠난 길} ]]

외도들은 세계와 인간을 구성하는 실체를 추구한 결과 각기 달리 자아{attā}를 규정하였다. 

우파니샤드에서는 브라만과 동일한 불멸의 정신적 실체로서 환희에 충만한 아트만{Ātman}이 자아라고 주장했고, 
유물론자들은 물질적 요소들이 일시적으로 결합해 있는 상태가 우리의 자아라고 생각했으며, 
자이나교에서는 무한한 지, 견, 력을 지닌 명아{jīva}가 진정한 자아라고 주장했다. 

외도들은 이와 같이 각기 달리 자아를 규정하고 있었으나, 자아를, 영원하게든-일시적으로든{시간적으로 존속하는 자아를 상정한다}, 자기동일성{시간의 변화 속에서도 동일한 존재}을 지니고 시간적으로 존속하는 존재라고 생각했다. 

이와 같이 시간적으로 존속하는 존재로서의 자아가 사후에도 변함없이 존재한다는 견해가 상견{sassata-diṭṭhi, 영원하다는 그릇된 견해}이고, 
죽으면 존속하지 못하고 단멸한다는 견해가 단견{uccheda-diṭṭhi, 완전히 끊어진다는 그릇된 견해}이다. 

단상중도{두 극단을 떠난 중도,연기적 발생과 소멸로 이해하는 중도,단 : 죽으면 완전히 소멸,상 : 영원한 자아가 존재}는 이와 같은 외도들의 자아관을 비판한 것이다. 

잡아함경에서는 단상중도를 다음과 같이 설하고 있다.

자작자각{자기가 짓고 자기가 받음}이라고 하면 상견에 떨어지고, 

타작타각{타인이 짓고 타인이 받음}이라고 하면 단견에 떨어진다. 

의미 있고 여법{yathā-dhamma, 진리에 부합함}한 주장은 이들 이변{anta, 극단적인 두 장벽}을 떠나 중도에서 설한 법이니, 소위 이것이 있기 때문에 저것이 있고, 이것이 일어나기 때문에 저것이 일어남이라. 무명을 연하여 행{saṅkhāra, 형성하는 작용}이 있고….

주지하듯이 붓다는 무아를 주장한다. 

무아설의 입장에서 본다면, 판단의 대상이 되는 자아가 없기 때문에, ‘자아는 상주하는가, 단멸하는가?’의 문제는 무의미한 것이다. 

그러나 붓다의 무아설을 단순한 자아의 부정이라고 생각해서는 안 된다. 

무아설의 근저에는 연기법이라는 이론적 토대가 자리하고 있으며, 무아설은 연기법의 이해를 통해서 비로소 바르게 이해될 수 있기 때문이다.

이 경에서 붓다가 무아를 이야기하지 않고 연기법으로 자신의 입장을 표명하고 있는 까닭은 붓다의 무아설이 연기법의 입장에서 취해진 것이기 때문이다. 

자아{attā, 자아·영원한 나}의 상존{sassata, 항상 존재함·영원히 지속됨}과 단멸{uccheda, 완전히 끊어져 소멸함}을 문제 삼고 있는 

상견{sassata-diṭṭhi, 영원불변의 자아 견해}과 단견{uccheda-diṭṭhi, 죽으면 소멸 견해}은 

모두 무아의-진리{영원한 자아 없음, 존재는 오온의 조건적 흐름,계속 변하고, 조건에 따라 생기고 사라지며,독립적으로 고정되어 있지 않음}에 무지{avijjā, 진리에 대한 근본적 무지}한 상태에서 

허구적으로 자아를 계탁{parikappa, 개념적으로 구성,허구적으로 헤아려 설정함}하여 논의하는 가운데 나타난 사견{micchā-diṭṭhi, 그릇된 견해}이다.

이 경에서 붓다는 이러한 사견을 비판하고 있으며, 외도들이 주장하는 자아가 무명에서 연기한 망념임을 깨닫고 무지에서 벗어나면 

자아의 상존과 단멸을 문제 삼고 있는 상견과 단견에서 벗어날 수 있다는 의미에서 연기법을 설한 것이다.

[[ 일이중도{eka-añña-majjhimā-paṭipadā, 같음과 다름의 극단을 떠난 길} ]]

자아는 상주불멸하는 것인가 단멸하는 것인가 하는 문제는 영육일이{영혼과 육체가 같거나 다르다는 논쟁}의 문제와 밀접한 관계에 있다. 

상견에서 주장하는 상주불멸하는 자아는 영혼과 같은 정신적 존재이고, 단견에서 주장하는 단멸하는 자아는 물질의 집합체인 육신이기 때문에, 상견에서는 육신과는 다른 영적 존재가 있다고 보고 있고, 단견에서는 정신이란 물질이 결합한 상태에서 나타난 현상일 뿐 육신과 별개의 것이 아니라고 본다. 

잡아함경에서 일이중도는 이와 같은 맥락으로 이야기된다.
[[]]
[[영혼이란 곧 육신이라고도 주장하고, 영혼과 육신은 서로 다르다고도 주장하지만, 이들 주장의 의미는 한 가지인데 갖가지로 다르게 주장될 뿐이다. ]]
[[]]
[[만약 영혼이 곧 육신이라고 한다면 거기에는 범행{brahmacariya, 청정한 수행 생활}이 있을 수 없으며, ]]
[[]]
[[영혼과 육신이 다르다 해도 범행은 있을 수 없다. ]]
[[]]
[[그러므로 이들 이변에 따르지 말고 마음을 바르게 중도로 향할지니, 그것이 현성{ariya-puggala, 지혜로운 성자}이 세간에 나와 전도되지 않고 여실하게 정견하여 알아낸 것으로서 ]]
[[]]
[[소위 무명을 연하는 행이며….]]
[[]]

이 경에서 이야기하듯이 영육일이의 문제는 서로 모순된 견해의 대립처럼 보이지만, 범행, 즉 생사에서 벗어나는 수행을 부정하게 된다는 점에서는 차이가 없다. 

범행의 목적은 생사에서 벗어나 해탈을 성취하는 데 있다. 

그런데 영혼과 육신이 동일한 것이라고 한다면 육신의 죽음과 함께 영혼도 사라지기 때문에 생사에서의 해탈이란 근본적으로 불가능하다. 

따라서 범행을 행할 필요가 없다.

한편 육신은 죽어도 영혼은 죽지 않는다고 한다면, 영혼은 수행을 하든지 하지 않든지 죽지 않기 때문에, 죽음에서 벗어나기 위한 수행은 무의미하다. 

영혼과 육신이 같은 것인가 다른 것인가의 모순대립은 인간을 어떤 존재로 설명하려고 하는 전변설이나 적취설의 사고방식에서 비롯된 것이다.

그러나 이와 같은 견해는 결코 인간의 가치실현에 대한 타당성을 부정한다는 점에서 중도를 취해야 한다는 것이 이 경의 주제이다. 

일이의 문제도 단상의 문제와 마찬가지로 무아의 진리에 대한 무지에서 비롯된 사견으로서 논의할 가치가 없으므로 중도에서 연기법을 정견으로 삼아 사견을 벗어나야 한다는 것이다.

[[ 유무중도{atthi-natthi-majjhimā-paṭipadā, 존재와 비존재의 극단을 떠난 길} ]]

실천적 측면에서 설해진 고락중도는 그 내용이 8정도이다. 

그리고 8정도의 출발이 되는 정견으로, 이론적 측면에서 설해진 자작타작중도, 단상중도, 일이중도 등은 그 내용이 연기법이다. 

유무중도는 이들 이론적 측면에서 설해진 중도를 총괄하는 중도이다.

자작타작, 단상, 일이의 모순대립은 본질적으로 유무{atthitta-natthitta, 있음과 없음의 관념}의 모순대립에서 비롯된 것이다. 

자작타작의 대립은 상주하는 괴로움의 작자{kāraka, 행위자·만드는 자}에 대한 유무의 모순대립이고, 

단상의 모순대립은 불멸하는 자아{attā, 자아·영혼} 존재에 대한 유무의 모순대립이며, 

일이의 모순대립은 영혼{jīva,생명적 자아·영혼}이라는 존재에 대한 유무의 모순대립이다. 

따라서 붓다는 모순대립하는 외도의 모든 사상을 유무이견{dvāyana-diṭṭhi, 있음과 없음의 두 가지 그릇된 견해}으로 분류한다. 

그리고 이와 같이 모순대립하는 사상은 아무리 배우고 익혀도 결국 그 법을 따를 수가 없으므로 이들 사견을 버려야 한다고 강조한다.

붓다의 중도는 이와 같이 어떤 실체를 상정하여 그 실체의 유무를 문제 삼음으로써 나타난 모순대립하는 모든 사견을 비판하고 연기법을 드러낸 것이다. 

유무중도는 잡아함경에서 다음과 같이 이야기된다.

[[]]
[[세상 사람들이 전도되어 있는 것은 유무 이변에 의지하기 때문이다. ]]
[[]]
[[세상 사람들은 여러 경계를 취하여 마음으로 계착{abhinivesa, 집착하여 머무름}한다. ]]
[[]]
[[가전연이여, 만약 경계를 취하지 않고, 머물지 않고, 아를 계탁하지 않으면, 고가 생길 때 생기는 것에 대하여, 멸할 때 멸하는 것에 대하여 의혹이 없이 다른 사람을 의지하지 않고도 능히 알 수가 있다. ]]
[[]]
[[이것을 정견이라고 하며, 여래가 설하는 것은 이것이다. ]]
[[]]
[[세간의-집{samudaya, 일어남과 쌓임}을 여실하게 정관{yathā-bhūta-dassana, 있는 그대로 바르게 봄}하면 세간의 무견{natthita-diṭṭhi, 없다는 견해}은 생기지 않고, ]]
[[]]
[[세간의 멸을 여실하게 정관하면 세간의 유견{atthita-diṭṭhi, 있다는 견해}은 생기지 않으므로 여래는 이변을 떠나 중도에서 설한다. ]]
[[]]
[[소위 이것이 있기 때문에 저것이 있고, 무명을 연하여 행이 있고….]]
[[]]

이와 같이 붓다는 모든 사견이 유무 이변에 의지할 때 생긴다고 보고 있다. 

여기에서 붓다가 버려야 한다고 충고하고 있는 이변이란 다름 아닌 모순이다. 

모든 모순은 전술한 바와 같이 유무의 모순관계에서 비롯되고 있으며, 유와 무는 가장 근본적인 모순관계에 있는 개념이다. 

이 경에서 붓다는 이와 같은 모순이 있게 된 원인을 경계{ārammaṇa, 인식의 대상이 되는 영역}를 취하여 계착하기 때문이라고 하고 있다. 

우리가 외부에 실재하고 있다고 생각하는 존재는 우리의 경험에 주어진 내용 가운데서 마음이 취사선택하여 허구적으로 꾸며낸 것일 뿐, 객관대상으로서의 존재가 아니라는 것이다. 

사견에서 유무를 문제 삼고 있는 존재는 모두 이렇게 자신들의 마음으로 구성한 허구적 관념일 뿐이다.

자아의 존재도 마찬가지다. 

자아라는 명칭은 동일하지만 그들이 취착하여-계탁{개념으로 꾸며서 실재처럼 보는 것,없는 실체를 있다고 구성해 버리는 마음의 착각,연기된 현상을 고정된 존재로 잘못 붙여 보는 분별 작용}한 내용은 각기 다르다. 

상견을 주장하는 사람은 자아는 불멸하는 존재라고 계탁하고 있고, 단견을 주장하는 사람은 단멸하는 존재라고 계탁하고 있을 뿐, 불멸하는 자아나 단멸하는 자아가 실재하는 것은 아니다. 

이렇게 각기 달리 계탁한 존재를 놓고 그것이 있는가, 없는가를 논하기 때문에 모순이 발생한다.

이와 같은 모순은 러셀의 지적과 같이 전체에 대한 잘못된 개념에서 생긴 것이다. 

[[]]
[[‘모든 명제는 진이거나 위이다.’고 할 때, 여기에서의 ‘모든 명제’는 실제에 있어서는 ‘무의미한 명제’{참/거짓 판단조차 불가능한 문장}를 포함하고 있지 않기 때문에 ‘모든 명제’가 아니다. ]]
[[]]
[[즉, ‘모든 명제는 진이거나 위이거나 무의미한 것이다.’라고 할 때의 ‘모든 명제’가 실제로 ‘모든 명제’를 포함한다. ]]
[[]]

‘모든 명제는 진이거나 위이다.’라는 말은 얼른 생각하면 그럴 듯하다. 

그러나 명제 가운데는 ‘용은 바다 속에 산다.’와 같은 무의미한 명제도 있다. 

이렇게 무엇을 의미하는 것 같지만 실상은 그렇지 않은 데서 모순이 발생한다. 

따라서 모든 모순은 그럴 듯하지만 주의하여 분석해 보면 그것은 모두 난센스임을 알 수 있다는 것이 러셀의 지적이다.

전술한 바와 같이 사견의 모든 명제는 얼른 보면 무엇을 의미하는 것 같지만 실제에 있어서는 자신들이 계탁한-관념{허구적으로 구성된 개념적 인식}을 설명하는 데 지나지 않는 무의미한 명제이다. 

즉, 그것은 진도 위도 아닌 무의미한 것일 뿐이다. 

따라서 이러한 명제를 놓고 그것이 진리인가 아닌가를 논한다는 것은 실로 말장난에 지나지 않다. 

붓다가 세상 사람들은 유무 이변에 의지하여 전도되어 있다고 하는 것은 외도들이 무의미한 주장을 분별하지 못하고 그 속에서 진리를 구하고 있음을 지적한 것이다.

이와 같은 무의미한 명제에 대하여 논의하지 말고, 우리가 있다고 할 때는 어떤 경우에 있다고 하고, 없다고 할 때에는 어떤 경우에 없다고 하는지를 여실하게 알아야 한다는 것이 붓다의 주장이다. 

즉, 우리의 의식에 어떤 인식된 내용이 집기할 때 우리는 그것이 있다고 하는 것이므로 이것을 바르게 관찰하면 없다고 할 수 없고, 

그 내용이 우리의 의식에서 사라지면 없다고 하는 것이므로 이것을 바르게 관찰하면 있다고 할 수 없다는 것이다. 

중도는 이렇게 취착이나 계탁을 하지 않고, 우리의 의식을 여실하게 관찰하는 입장이다. 

그리고 이와 같은 중도에 섰을 때 모든 사견에서 벗어날 수 있으며, 그 중도에서 바르게 관찰된 생사의 실상은 무명에서 연기한 망념이라는 것이 유무중도의 내용이다."
"r11","r11"